evento,descrizione_evento,delta_y,delta_y_bp,delta_V,L,E_L_cond_G_hat
A1,Disinflazione ordinata,-0.0005893059139521787,-5.893059139521787,35358.354837130726,-35358.354837130726,-57804.18736968874
A1,Disinflazione ordinata,0.00398023612896263,39.802361289626305,-238814.16773775782,238814.16773775782,-57804.18736968874
A2,Inflazione persistente,-0.004535550313943624,-45.35550313943624,272133.0188366174,-272133.0188366174,181993.39718483502
A2,Inflazione persistente,-0.004663407313779475,-46.63407313779475,279804.4388267685,-279804.4388267685,181993.39718483502
A2,Inflazione persistente,0.009083910344526167,90.83910344526167,-545034.6206715701,545034.6206715701,181993.39718483502
A1,Disinflazione ordinata,0.002129129560252824,21.29129560252824,-127747.77361516946,127747.77361516946,-57804.18736968874
A2,Inflazione persistente,0.00433115676505725,43.3115676505725,-259869.40590343502,259869.40590343502,181993.39718483502
A1,Disinflazione ordinata,-0.00030315045077243855,-3.0315045077243856,18189.027046346313,-18189.027046346313,-57804.18736968874
A2,Inflazione persistente,0.0019320376033772394,19.320376033772394,-115922.25620263437,115922.25620263437,181993.39718483502
A3,Repricing severo,0.009957964964673875,99.57964964673876,-597477.8978804325,597477.8978804325,605230.726541648
A1,Disinflazione ordinata,-0.00449092951306999,-44.9092951306999,269455.7707841994,-269455.7707841994,-57804.18736968874
A3,Repricing severo,0.016002501440578402,160.02501440578402,-960150.0864347041,960150.0864347041,605230.726541648
A2,Inflazione persistente,-0.008548061492420753,-85.48061492420753,512883.68954524514,-512883.68954524514,181993.39718483502
A1,Disinflazione ordinata,0.0013869628924288876,13.869628924288875,-83217.77354573326,83217.77354573326,-57804.18736968874
A2,Inflazione persistente,0.00025878870798658497,2.5878870798658498,-15527.322479195098,15527.322479195098,181993.39718483502
A3,Repricing severo,0.007820472529553129,78.20472529553129,-469228.35177318775,469228.35177318775,605230.726541648
A2,Inflazione persistente,0.004288132535309426,42.88132535309426,-257287.95211856556,257287.95211856556,181993.39718483502
A1,Disinflazione ordinata,-0.006964896581329781,-69.6489658132978,417893.79487978684,-417893.79487978684,-57804.18736968874
A2,Inflazione persistente,0.005631933692975851,56.31933692975851,-337916.02157855104,337916.02157855104,181993.39718483502
A1,Disinflazione ordinata,0.0015428108748141043,15.428108748141044,-92568.65248884626,92568.65248884626,-57804.18736968874
A1,Disinflazione ordinata,0.007964774559183038,79.64774559183037,-477886.47355098225,477886.47355098225,-57804.18736968874
A1,Disinflazione ordinata,-0.003421661512577718,-34.21661512577718,205299.69075466308,-205299.69075466308,-57804.18736968874
A1,Disinflazione ordinata,0.00589766227619688,58.9766227619688,-353859.7365718128,353859.7365718128,-57804.18736968874
A2,Inflazione persistente,0.00042537008532342975,4.253700853234298,-25522.205119405786,25522.205119405786,181993.39718483502
A1,Disinflazione ordinata,0.006156749460153522,61.567494601535216,-369404.9676092113,369404.9676092113,-57804.18736968874
A3,Repricing severo,0.004725163653841072,47.251636538410715,-283509.8192304643,283509.8192304643,605230.726541648
A1,Disinflazione ordinata,-0.008745722936097725,-87.45722936097725,524743.3761658635,-524743.3761658635,-57804.18736968874
A1,Disinflazione ordinata,0.0007145866230092964,7.145866230092964,-42875.19738055779,42875.19738055779,-57804.18736968874
A1,Disinflazione ordinata,-0.007003661779523804,-70.03661779523803,420219.70677142823,-420219.70677142823,-57804.18736968874
A2,Inflazione persistente,0.0020619072629444127,20.619072629444126,-123714.43577666476,123714.43577666476,181993.39718483502
A3,Repricing severo,0.007231322695484277,72.31322695484278,-433879.36172905663,433879.36172905663,605230.726541648
A2,Inflazione persistente,0.006419688827640692,64.19688827640692,-385181.32965844154,385181.32965844154,181993.39718483502
A3,Repricing severo,-0.001872138026280305,-18.72138026280305,112328.28157681829,-112328.28157681829,605230.726541648
A2,Inflazione persistente,-0.005719007033522805,-57.19007033522805,343140.4220113683,-343140.4220113683,181993.39718483502
A3,Repricing severo,0.015487512560340422,154.87512560340423,-929250.7536204254,929250.7536204254,605230.726541648
A3,Repricing severo,-0.0053979097699436394,-53.979097699436394,323874.5861966184,-323874.5861966184,605230.726541648
A2,Inflazione persistente,0.005206923106609196,52.06923106609196,-312415.38639655174,312415.38639655174,181993.39718483502
A3,Repricing severo,0.007144058929465949,71.44058929465949,-428643.5357679569,428643.5357679569,605230.726541648
A2,Inflazione persistente,-0.0006125110701239839,-6.125110701239839,36750.66420743903,-36750.66420743903,181993.39718483502
A1,Disinflazione ordinata,-0.002316973904187331,-23.16973904187331,139018.43425123984,-139018.43425123984,-57804.18736968874
A2,Inflazione persistente,0.011252686817514509,112.52686817514508,-675161.2090508705,675161.2090508705,181993.39718483502
A2,Inflazione persistente,0.004631290418860854,46.312904188608535,-277877.4251316512,277877.4251316512,181993.39718483502
A1,Disinflazione ordinata,0.0005431838614760808,5.431838614760808,-32591.03168856485,32591.03168856485,-57804.18736968874
A3,Repricing severo,0.013688237665859351,136.8823766585935,-821294.2599515611,821294.2599515611,605230.726541648
A1,Disinflazione ordinata,-0.003172857346967973,-31.728573469679727,190371.44081807838,-190371.44081807838,-57804.18736968874
A1,Disinflazione ordinata,-0.003752182586877551,-37.52182586877551,225130.95521265306,-225130.95521265306,-57804.18736968874
A1,Disinflazione ordinata,-0.0020391638475185615,-20.391638475185616,122349.83085111369,-122349.83085111369,-57804.18736968874
A2,Inflazione persistente,0.0003249966763441978,3.249966763441978,-19499.800580651867,19499.800580651867,181993.39718483502
A1,Disinflazione ordinata,-0.004171574658252052,-41.71574658252052,250294.47949512312,-250294.47949512312,-57804.18736968874
A2,Inflazione persistente,-0.00316553121562518,-31.6553121562518,189931.8729375108,-189931.8729375108,181993.39718483502
A1,Disinflazione ordinata,-0.00591155562463314,-59.1155562463314,354693.3374779884,-354693.3374779884,-57804.18736968874
A1,Disinflazione ordinata,0.0009879905327187526,9.879905327187526,-59279.43196312516,59279.43196312516,-57804.18736968874
A2,Inflazione persistente,0.00614912650107081,61.491265010708105,-368947.5900642486,368947.5900642486,181993.39718483502
A1,Disinflazione ordinata,-0.0012432971224766054,-12.432971224766055,74597.82734859633,-74597.82734859633,-57804.18736968874
A1,Disinflazione ordinata,-0.003596237460809247,-35.96237460809247,215774.24764855482,-215774.24764855482,-57804.18736968874
A2,Inflazione persistente,0.00976863485555849,97.6863485555849,-586118.0913335094,586118.0913335094,181993.39718483502
A1,Disinflazione ordinata,-0.0006459061760277337,-6.459061760277337,38754.37056166402,-38754.37056166402,-57804.18736968874
A1,Disinflazione ordinata,0.001700865142382523,17.00865142382523,-102051.90854295138,102051.90854295138,-57804.18736968874
A2,Inflazione persistente,-0.0003448749124429543,-3.448749124429543,20692.49474657726,-20692.49474657726,181993.39718483502
A2,Inflazione persistente,0.0034902269100926704,34.9022691009267,-209413.61460556023,209413.61460556023,181993.39718483502
A1,Disinflazione ordinata,0.005229526770376093,52.29526770376093,-313771.6062225656,313771.6062225656,-57804.18736968874
A1,Disinflazione ordinata,-0.0006554209361506839,-6.554209361506839,39325.25616904103,-39325.25616904103,-57804.18736968874
A1,Disinflazione ordinata,0.001630803293090895,16.30803293090895,-97848.1975854537,97848.1975854537,-57804.18736968874
A1,Disinflazione ordinata,-0.001689479302008475,-16.894793020084748,101368.7581205085,-101368.7581205085,-57804.18736968874
A2,Inflazione persistente,0.008289440592076737,82.89440592076737,-497366.4355246042,497366.4355246042,181993.39718483502
A1,Disinflazione ordinata,-0.004011822933628602,-40.11822933628602,240709.37601771613,-240709.37601771613,-57804.18736968874
A2,Inflazione persistente,0.007606349678424257,76.06349678424257,-456380.9807054554,456380.9807054554,181993.39718483502
A1,Disinflazione ordinata,-0.0003913120743753697,-3.913120743753697,23478.72446252218,-23478.72446252218,-57804.18736968874
A3,Repricing severo,0.01501034569799779,150.1034569799779,-900620.7418798674,900620.7418798674,605230.726541648
A1,Disinflazione ordinata,-0.0016007344199770544,-16.007344199770543,96044.06519862326,-96044.06519862326,-57804.18736968874
A3,Repricing severo,0.00791044847594784,79.10448475947841,-474626.9085568704,474626.9085568704,605230.726541648
A1,Disinflazione ordinata,-0.00018146909500298505,-1.8146909500298505,10888.145700179102,-10888.145700179102,-57804.18736968874
A2,Inflazione persistente,-0.008937378962100478,-89.37378962100479,536242.7377260287,-536242.7377260287,181993.39718483502
A2,Inflazione persistente,-0.002404147356231491,-24.04147356231491,144248.84137388947,-144248.84137388947,181993.39718483502
A1,Disinflazione ordinata,-0.0025663233267957906,-25.663233267957906,153979.39960774744,-153979.39960774744,-57804.18736968874
A2,Inflazione persistente,0.010838252995720582,108.38252995720582,-650295.1797432349,650295.1797432349,181993.39718483502
A1,Disinflazione ordinata,0.0023709332170757137,23.709332170757136,-142255.9930245428,142255.9930245428,-57804.18736968874
A1,Disinflazione ordinata,0.00122144586857772,12.214458685777199,-73286.7521146632,73286.7521146632,-57804.18736968874
A2,Inflazione persistente,-0.008291094449087898,-82.91094449087898,497465.6669452739,-497465.6669452739,181993.39718483502
A2,Inflazione persistente,-0.0011692928753626042,-11.692928753626042,70157.57252175626,-70157.57252175626,181993.39718483502
A2,Inflazione persistente,0.000557644730450382,5.576447304503819,-33458.68382702292,33458.68382702292,181993.39718483502
A1,Disinflazione ordinata,-0.000645037116564931,-6.45037116564931,38702.226993895856,-38702.226993895856,-57804.18736968874
A1,Disinflazione ordinata,-0.0012241519646778104,-12.241519646778105,73449.11788066862,-73449.11788066862,-57804.18736968874
A2,Inflazione persistente,-0.001986462235353213,-19.86462235353213,119187.73412119279,-119187.73412119279,181993.39718483502
A1,Disinflazione ordinata,0.004764960384741222,47.649603847412216,-285897.6230844733,285897.6230844733,-57804.18736968874
A3,Repricing severo,-0.0024813484822483085,-24.813484822483087,148880.9089348985,-148880.9089348985,605230.726541648
A2,Inflazione persistente,-0.001890707373892608,-18.90707373892608,113442.44243355648,-113442.44243355648,181993.39718483502
A2,Inflazione persistente,-0.00024993211032487556,-2.4993211032487554,14995.926619492533,-14995.926619492533,181993.39718483502
A1,Disinflazione ordinata,-8.668368143025342e-05,-0.8668368143025342,5201.0208858152055,-5201.0208858152055,-57804.18736968874
A1,Disinflazione ordinata,0.001104260557511728,11.042605575117278,-66255.63345070367,66255.63345070367,-57804.18736968874
A1,Disinflazione ordinata,0.0022748654138108385,22.748654138108385,-136491.9248286503,136491.9248286503,-57804.18736968874
A1,Disinflazione ordinata,-0.004909084148549882,-49.09084148549882,294545.04891299293,-294545.04891299293,-57804.18736968874
A3,Repricing severo,0.022012337651756107,220.12337651756107,-1320740.2591053664,1320740.2591053664,605230.726541648
A3,Repricing severo,0.017258069812409918,172.58069812409917,-1035484.188744595,1035484.188744595,605230.726541648
A2,Inflazione persistente,0.00022710976919998243,2.2710976919998243,-13626.586151998947,13626.586151998947,181993.39718483502
A2,Inflazione persistente,0.011852720962224991,118.52720962224991,-711163.2577334995,711163.2577334995,181993.39718483502
A1,Disinflazione ordinata,-0.0038948982141199925,-38.94898214119993,233693.89284719955,-233693.89284719955,-57804.18736968874
A3,Repricing severo,0.030354345039201258,303.5434503920126,-1821260.7023520756,1821260.7023520756,605230.726541648
A1,Disinflazione ordinata,-0.005540718190486878,-55.40718190486878,332443.09142921265,-332443.09142921265,-57804.18736968874
A2,Inflazione persistente,0.0007100241917891953,7.100241917891953,-42601.45150735172,42601.45150735172,181993.39718483502
A1,Disinflazione ordinata,0.005423909142127672,54.23909142127672,-325434.5485276603,325434.5485276603,-57804.18736968874
A1,Disinflazione ordinata,-0.0030936242399147427,-30.936242399147428,185617.45439488455,-185617.45439488455,-57804.18736968874
A2,Inflazione persistente,0.008613461056151767,86.13461056151766,-516807.663369106,516807.663369106,181993.39718483502
A1,Disinflazione ordinata,-0.0034242647090280106,-34.24264709028011,205455.88254168062,-205455.88254168062,-57804.18736968874
A2,Inflazione persistente,-0.0007521081665030497,-7.521081665030497,45126.48999018298,-45126.48999018298,181993.39718483502
A2,Inflazione persistente,0.0020660772532598935,20.660772532598934,-123964.63519559361,123964.63519559361,181993.39718483502
A2,Inflazione persistente,-0.005630129849357772,-56.30129849357772,337807.7909614663,-337807.7909614663,181993.39718483502
A1,Disinflazione ordinata,-0.006145485611284363,-61.454856112843636,368729.1366770618,-368729.1366770618,-57804.18736968874
A1,Disinflazione ordinata,0.00784469276391489,78.4469276391489,-470681.5658348934,470681.5658348934,-57804.18736968874
A1,Disinflazione ordinata,-0.0018792350210401498,-18.792350210401498,112754.10126240899,-112754.10126240899,-57804.18736968874
A1,Disinflazione ordinata,0.009234462929182681,92.3446292918268,-554067.7757509608,554067.7757509608,-57804.18736968874
A2,Inflazione persistente,0.009212611770368669,92.12611770368669,-552756.7062221201,552756.7062221201,181993.39718483502
A3,Repricing severo,0.0155419738135483,155.41973813548302,-932518.428812898,932518.428812898,605230.726541648
A3,Repricing severo,0.008246693247283898,82.46693247283898,-494801.59483703383,494801.59483703383,605230.726541648
A1,Disinflazione ordinata,0.000744704496331105,7.4470449633110505,-44682.2697798663,44682.2697798663,-57804.18736968874
A3,Repricing severo,0.007421071756873211,74.21071756873211,-445264.30541239266,445264.30541239266,605230.726541648
A1,Disinflazione ordinata,-0.006541991784012252,-65.41991784012252,392519.50704073516,-392519.50704073516,-57804.18736968874
A2,Inflazione persistente,0.0025895406242401405,25.895406242401403,-155372.43745440844,155372.43745440844,181993.39718483502
A3,Repricing severo,-0.0019698406606554267,-19.69840660655427,118190.4396393256,-118190.4396393256,605230.726541648
A1,Disinflazione ordinata,0.001987601138695581,19.87601138695581,-119256.06832173486,119256.06832173486,-57804.18736968874
A1,Disinflazione ordinata,0.0015051372885308465,15.051372885308465,-90308.2373118508,90308.2373118508,-57804.18736968874
A2,Inflazione persistente,-0.0003204988210510993,-3.204988210510993,19229.92926306596,-19229.92926306596,181993.39718483502
A1,Disinflazione ordinata,-0.005150817684242257,-51.50817684242257,309049.0610545354,-309049.0610545354,-57804.18736968874
A2,Inflazione persistente,0.014491387836285025,144.91387836285026,-869483.2701771015,869483.2701771015,181993.39718483502
A1,Disinflazione ordinata,-0.0019491080247467651,-19.49108024746765,116946.4814848059,-116946.4814848059,-57804.18736968874
A2,Inflazione persistente,0.007467367033474288,74.67367033474288,-448042.0220084573,448042.0220084573,181993.39718483502
A3,Repricing severo,0.004621382550692845,46.21382550692845,-277282.95304157067,277282.95304157067,605230.726541648
A1,Disinflazione ordinata,0.000838845106152047,8.38845106152047,-50330.70636912282,50330.70636912282,-57804.18736968874
A2,Inflazione persistente,0.0015652068389831787,15.652068389831786,-93912.41033899072,93912.41033899072,181993.39718483502
A2,Inflazione persistente,0.0005052330868285924,5.052330868285924,-30313.98520971554,30313.98520971554,181993.39718483502
A2,Inflazione persistente,-0.000720598589196673,-7.20598589196673,43235.91535180038,-43235.91535180038,181993.39718483502
A3,Repricing severo,0.0068154689164141614,68.15468916414162,-408928.13498484966,408928.13498484966,605230.726541648
A2,Inflazione persistente,-0.0025311534700774557,-25.311534700774555,151869.20820464735,-151869.20820464735,181993.39718483502
A1,Disinflazione ordinata,0.0022983359799517546,22.983359799517547,-137900.15879710528,137900.15879710528,-57804.18736968874
A2,Inflazione persistente,-0.0006710418239042927,-6.7104182390429274,40262.50943425756,-40262.50943425756,181993.39718483502
A1,Disinflazione ordinata,0.003277770641579891,32.77770641579891,-196666.23849479345,196666.23849479345,-57804.18736968874
A2,Inflazione persistente,0.00725145022920282,72.5145022920282,-435087.0137521692,435087.0137521692,181993.39718483502
A2,Inflazione persistente,0.0025939521553849697,25.939521553849698,-155637.12932309817,155637.12932309817,181993.39718483502
A3,Repricing severo,0.021675378195947025,216.75378195947025,-1300522.6917568215,1300522.6917568215,605230.726541648
A3,Repricing severo,0.02078285238581226,207.82852385812262,-1246971.1431487356,1246971.1431487356,605230.726541648
A1,Disinflazione ordinata,-0.0006037110641578917,-6.037110641578917,36222.6638494735,-36222.6638494735,-57804.18736968874
A1,Disinflazione ordinata,-0.0008142307061028018,-8.142307061028017,48853.84236616811,-48853.84236616811,-57804.18736968874
A3,Repricing severo,0.01308006258998643,130.8006258998643,-784803.7553991858,784803.7553991858,605230.726541648
A2,Inflazione persistente,0.007043696431462053,70.43696431462052,-422621.7858877232,422621.7858877232,181993.39718483502
A1,Disinflazione ordinata,0.00433825079313517,43.3825079313517,-260295.04758811017,260295.04758811017,-57804.18736968874
A1,Disinflazione ordinata,-0.0017862584844561234,-17.862584844561233,107175.5090673674,-107175.5090673674,-57804.18736968874
A2,Inflazione persistente,0.009329403879874704,93.29403879874704,-559764.2327924822,559764.2327924822,181993.39718483502
A1,Disinflazione ordinata,0.003318875041654767,33.18875041654767,-199132.50249928603,199132.50249928603,-57804.18736968874
A1,Disinflazione ordinata,0.008616528680284088,86.16528680284088,-516991.72081704525,516991.72081704525,-57804.18736968874
A3,Repricing severo,0.0026334158891906925,26.334158891906924,-158004.95335144154,158004.95335144154,605230.726541648
A2,Inflazione persistente,0.008880208819818831,88.80208819818832,-532812.52918913,532812.52918913,181993.39718483502
A3,Repricing severo,0.006220748793926584,62.20748793926584,-373244.927635595,373244.927635595,605230.726541648
A2,Inflazione persistente,0.0008213651169271872,8.213651169271872,-49281.90701563124,49281.90701563124,181993.39718483502
A1,Disinflazione ordinata,-0.00648410616154378,-64.8410616154378,389046.3696926268,-389046.3696926268,-57804.18736968874
A2,Inflazione persistente,0.011184695053293215,111.84695053293215,-671081.7031975929,671081.7031975929,181993.39718483502
A2,Inflazione persistente,0.0009391913118746756,9.391913118746757,-56351.47871248054,56351.47871248054,181993.39718483502
A1,Disinflazione ordinata,-0.0030184241266682237,-30.184241266682236,181105.4476000934,-181105.4476000934,-57804.18736968874
A1,Disinflazione ordinata,-0.0001254909643158169,-1.2549096431581688,7529.457858949013,-7529.457858949013,-57804.18736968874
A1,Disinflazione ordinata,0.0022397200398820917,22.397200398820917,-134383.2023929255,134383.2023929255,-57804.18736968874
A3,Repricing severo,0.00875628689546405,87.5628689546405,-525377.213727843,525377.213727843,605230.726541648
A3,Repricing severo,0.015461984512859796,154.61984512859797,-927719.0707715878,927719.0707715878,605230.726541648
A2,Inflazione persistente,-0.0067736234220507315,-67.73623422050731,406417.4053230439,-406417.4053230439,181993.39718483502
A2,Inflazione persistente,0.006926218180936665,69.26218180936665,-415573.09085619985,415573.09085619985,181993.39718483502
A2,Inflazione persistente,0.017161262269789094,171.61262269789094,-1029675.7361873456,1029675.7361873456,181993.39718483502
A2,Inflazione persistente,0.011206745545500624,112.06745545500624,-672404.7327300374,672404.7327300374,181993.39718483502
A1,Disinflazione ordinata,0.0038241333363082004,38.241333363082006,-229448.00017849202,229448.00017849202,-57804.18736968874
A3,Repricing severo,-0.009129549251617122,-91.29549251617122,547772.9550970274,-547772.9550970274,605230.726541648
A3,Repricing severo,0.009724100051445344,97.24100051445343,-583446.0030867206,583446.0030867206,605230.726541648
A2,Inflazione persistente,-0.007098310528377875,-70.98310528377876,425898.6317026725,-425898.6317026725,181993.39718483502
A3,Repricing severo,0.007492138753668293,74.92138753668293,-449528.3252200976,449528.3252200976,605230.726541648
A3,Repricing severo,-0.005445732958117854,-54.45732958117854,326743.97748707124,-326743.97748707124,605230.726541648
A2,Inflazione persistente,0.006049753385430892,60.49753385430892,-362985.2031258535,362985.2031258535,181993.39718483502
A2,Inflazione persistente,0.002218334984523742,22.18334984523742,-133100.0990714245,133100.0990714245,181993.39718483502
A2,Inflazione persistente,0.0023184717556118646,23.184717556118645,-139108.30533671187,139108.30533671187,181993.39718483502
A1,Disinflazione ordinata,-0.002767689314307954,-27.67689314307954,166061.35885847724,-166061.35885847724,-57804.18736968874
A1,Disinflazione ordinata,-0.002632371397102695,-26.32371397102695,157942.2838261617,-157942.2838261617,-57804.18736968874
A1,Disinflazione ordinata,0.002450602628997315,24.50602628997315,-147036.15773983888,147036.15773983888,-57804.18736968874
A3,Repricing severo,0.010266805274360075,102.66805274360075,-616008.3164616046,616008.3164616046,605230.726541648
A1,Disinflazione ordinata,0.0023605146806585384,23.605146806585385,-141630.8808395123,141630.8808395123,-57804.18736968874
A2,Inflazione persistente,0.0015747313624151502,15.747313624151502,-94483.88174490901,94483.88174490901,181993.39718483502
A1,Disinflazione ordinata,-0.001510271251149341,-15.10271251149341,90616.27506896046,-90616.27506896046,-57804.18736968874
A1,Disinflazione ordinata,0.002636647457754705,26.36647457754705,-158198.8474652823,158198.8474652823,-57804.18736968874
A1,Disinflazione ordinata,0.007647852706387862,76.47852706387863,-458871.16238327173,458871.16238327173,-57804.18736968874
A3,Repricing severo,0.009782175812991975,97.82175812991974,-586930.5487795185,586930.5487795185,605230.726541648
A2,Inflazione persistente,0.010979358625831562,109.79358625831561,-658761.5175498937,658761.5175498937,181993.39718483502
A1,Disinflazione ordinata,-0.007181428062479751,-71.8142806247975,430885.68374878506,-430885.68374878506,-57804.18736968874
A3,Repricing severo,0.021651186536919186,216.51186536919187,-1299071.1922151512,1299071.1922151512,605230.726541648
A2,Inflazione persistente,-0.002588424530627035,-25.88424530627035,155305.4718376221,-155305.4718376221,181993.39718483502
A1,Disinflazione ordinata,-0.003543203570352827,-35.43203570352827,212592.21422116962,-212592.21422116962,-57804.18736968874
A2,Inflazione persistente,-0.006556981882356343,-65.56981882356344,393418.9129413806,-393418.9129413806,181993.39718483502
A2,Inflazione persistente,0.004772449110528635,47.72449110528635,-286346.9466317181,286346.9466317181,181993.39718483502
A1,Disinflazione ordinata,-0.0031367856753650447,-31.367856753650447,188207.14052190268,-188207.14052190268,-57804.18736968874
A2,Inflazione persistente,-0.005241345055535256,-52.413450555352554,314480.7033321154,-314480.7033321154,181993.39718483502
A3,Repricing severo,0.01457133291883657,145.7133291883657,-874279.9751301942,874279.9751301942,605230.726541648
A2,Inflazione persistente,-0.002518168450852153,-25.181684508521528,151090.10705112916,-151090.10705112916,181993.39718483502
A2,Inflazione persistente,0.009711920684126345,97.11920684126345,-582715.2410475807,582715.2410475807,181993.39718483502
A1,Disinflazione ordinata,0.001675691713825945,16.75691713825945,-100541.5028295567,100541.5028295567,-57804.18736968874
A2,Inflazione persistente,0.011955373349443667,119.55373349443667,-717322.40096662,717322.40096662,181993.39718483502
A2,Inflazione persistente,0.0036193509014405888,36.19350901440589,-217161.05408643532,217161.05408643532,181993.39718483502
A2,Inflazione persistente,0.005130670752750569,51.30670752750569,-307840.24516503414,307840.24516503414,181993.39718483502
A2,Inflazione persistente,0.012043280766538541,120.43280766538541,-722596.8459923124,722596.8459923124,181993.39718483502
A1,Disinflazione ordinata,-0.0030240715575069435,-30.240715575069434,181444.29345041662,-181444.29345041662,-57804.18736968874
A1,Disinflazione ordinata,-0.003672343895116371,-36.72343895116371,220340.63370698225,-220340.63370698225,-57804.18736968874
A1,Disinflazione ordinata,0.0003720015872841608,3.720015872841608,-22320.09523704965,22320.09523704965,-57804.18736968874
A3,Repricing severo,0.0018543767986100978,18.543767986100978,-111262.60791660586,111262.60791660586,605230.726541648
A1,Disinflazione ordinata,0.0033622527529077314,33.62252752907732,-201735.16517446388,201735.16517446388,-57804.18736968874
A1,Disinflazione ordinata,-0.0031193418874405163,-31.193418874405165,187160.513246431,-187160.513246431,-57804.18736968874
A1,Disinflazione ordinata,0.0059818207410337,59.818207410337,-358909.24446202203,358909.24446202203,-57804.18736968874
A2,Inflazione persistente,-0.005687155908604102,-56.87155908604102,341229.3545162461,-341229.3545162461,181993.39718483502
A2,Inflazione persistente,-0.003888244926762905,-38.88244926762905,233294.6956057743,-233294.6956057743,181993.39718483502
A1,Disinflazione ordinata,0.0025802406445516123,25.802406445516123,-154814.43867309674,154814.43867309674,-57804.18736968874
A1,Disinflazione ordinata,-0.002605722141837477,-26.05722141837477,156343.32851024863,-156343.32851024863,-57804.18736968874
A2,Inflazione persistente,0.00658971808501083,65.8971808501083,-395383.0851006498,395383.0851006498,181993.39718483502
A1,Disinflazione ordinata,-0.006975569856501052,-69.75569856501052,418534.19139006315,-418534.19139006315,-57804.18736968874
A2,Inflazione persistente,-0.0018257432974317315,-18.257432974317314,109544.59784590389,-109544.59784590389,181993.39718483502
A2,Inflazione persistente,0.004798947307008524,47.98947307008524,-287936.83842051146,287936.83842051146,181993.39718483502
A1,Disinflazione ordinata,-0.0007685589922231438,-7.685589922231438,46113.53953338863,-46113.53953338863,-57804.18736968874
A3,Repricing severo,0.03405827512387478,340.5827512387478,-2043496.5074324866,2043496.5074324866,605230.726541648
A2,Inflazione persistente,0.006561912629407039,65.6191262940704,-393714.75776442233,393714.75776442233,181993.39718483502
A2,Inflazione persistente,-0.003841230842405577,-38.412308424055766,230473.85054433462,-230473.85054433462,181993.39718483502
A2,Inflazione persistente,0.0016176853839939354,16.176853839939355,-97061.12303963612,97061.12303963612,181993.39718483502
A1,Disinflazione ordinata,-0.003959071024701136,-39.59071024701136,237544.26148206816,-237544.26148206816,-57804.18736968874
A2,Inflazione persistente,-0.0017616408959182702,-17.616408959182703,105698.45375509621,-105698.45375509621,181993.39718483502
A2,Inflazione persistente,-0.004388011586869107,-43.88011586869107,263280.69521214644,-263280.69521214644,181993.39718483502
A3,Repricing severo,0.004492994248535746,44.92994248535746,-269579.65491214476,269579.65491214476,605230.726541648
A3,Repricing severo,0.025788575601132513,257.88575601132516,-1547314.5360679508,1547314.5360679508,605230.726541648
A3,Repricing severo,0.021931973703235023,219.31973703235022,-1315918.4221941014,1315918.4221941014,605230.726541648
A3,Repricing severo,0.022582053607547226,225.82053607547226,-1354923.2164528335,1354923.2164528335,605230.726541648
A2,Inflazione persistente,-0.004553189482143261,-45.53189482143261,273191.3689285957,-273191.3689285957,181993.39718483502
A2,Inflazione persistente,0.004805886534837931,48.058865348379314,-288353.1920902759,288353.1920902759,181993.39718483502
A2,Inflazione persistente,-0.000404315338462313,-4.04315338462313,24258.92030773878,-24258.92030773878,181993.39718483502
A2,Inflazione persistente,0.00031973273330299654,3.1973273330299654,-19183.96399817979,19183.96399817979,181993.39718483502
A3,Repricing severo,0.02506307060565672,250.6307060565672,-1503784.236339403,1503784.236339403,605230.726541648
A1,Disinflazione ordinata,0.003456106761944055,34.56106761944055,-207366.40571664332,207366.40571664332,-57804.18736968874
A2,Inflazione persistente,0.0074998061591448955,74.99806159144896,-449988.3695486937,449988.3695486937,181993.39718483502
A3,Repricing severo,0.020629420152047794,206.29420152047794,-1237765.2091228676,1237765.2091228676,605230.726541648
A1,Disinflazione ordinata,-0.008703117421207563,-87.03117421207564,522187.0452724538,-522187.0452724538,-57804.18736968874
A1,Disinflazione ordinata,-0.000926292547705257,-9.26292547705257,55577.552862315424,-55577.552862315424,-57804.18736968874
A3,Repricing severo,0.014744422019510695,147.44422019510696,-884665.3211706417,884665.3211706417,605230.726541648
A2,Inflazione persistente,0.005434400694088972,54.34400694088972,-326064.0416453383,326064.0416453383,181993.39718483502
A3,Repricing severo,0.0173533097509492,173.533097509492,-1041198.585056952,1041198.585056952,605230.726541648
A2,Inflazione persistente,0.011384016250787238,113.84016250787238,-683040.9750472343,683040.9750472343,181993.39718483502
A3,Repricing severo,0.018798026881658637,187.98026881658637,-1127881.6128995183,1127881.6128995183,605230.726541648
A3,Repricing severo,0.02492423021351525,249.2423021351525,-1495453.812810915,1495453.812810915,605230.726541648
A2,Inflazione persistente,0.0014554203590976048,14.554203590976048,-87325.22154585629,87325.22154585629,181993.39718483502
A1,Disinflazione ordinata,-7.495928365172427e-05,-0.7495928365172427,4497.557019103457,-4497.557019103457,-57804.18736968874
A1,Disinflazione ordinata,-0.005279588116927423,-52.795881169274224,316775.28701564536,-316775.28701564536,-57804.18736968874
A3,Repricing severo,0.0099632076764385,99.632076764385,-597792.46058631,597792.46058631,605230.726541648
A1,Disinflazione ordinata,0.0043904727262702985,43.904727262702984,-263428.3635762179,263428.3635762179,-57804.18736968874
A2,Inflazione persistente,0.005803489347132937,58.03489347132937,-348209.36082797626,348209.36082797626,181993.39718483502
A2,Inflazione persistente,0.002283951332148233,22.839513321482332,-137037.079928894,137037.079928894,181993.39718483502
A2,Inflazione persistente,0.002311563637528887,23.11563637528887,-138693.8182517332,138693.8182517332,181993.39718483502
A1,Disinflazione ordinata,0.0004707953069095956,4.707953069095956,-28247.718414575735,28247.718414575735,-57804.18736968874
A3,Repricing severo,0.007760907202362441,77.6090720236244,-465654.43214174645,465654.43214174645,605230.726541648
A1,Disinflazione ordinata,-0.005565129446494491,-55.65129446494491,333907.76678966946,-333907.76678966946,-57804.18736968874
A1,Disinflazione ordinata,0.00023362970820243589,2.336297082024359,-14017.782492146152,14017.782492146152,-57804.18736968874
A1,Disinflazione ordinata,0.001604938422285226,16.04938422285226,-96296.30533711356,96296.30533711356,-57804.18736968874
A2,Inflazione persistente,-0.0014098118980696425,-14.098118980696425,84588.71388417855,-84588.71388417855,181993.39718483502
A2,Inflazione persistente,-0.001476498699779943,-14.76498699779943,88589.92198679657,-88589.92198679657,181993.39718483502
A2,Inflazione persistente,0.0071237817226134405,71.23781722613441,-427426.90335680643,427426.90335680643,181993.39718483502
A2,Inflazione persistente,0.0055243201806668115,55.24320180666812,-331459.2108400087,331459.2108400087,181993.39718483502
A2,Inflazione persistente,0.0027906072633778175,27.906072633778173,-167436.43580266906,167436.43580266906,181993.39718483502
A1,Disinflazione ordinata,-0.00042508647223927717,-4.250864722392771,25505.18833435663,-25505.18833435663,-57804.18736968874
A2,Inflazione persistente,-0.006378556548853691,-63.78556548853691,382713.39293122146,-382713.39293122146,181993.39718483502
A2,Inflazione persistente,0.0042493301668449284,42.493301668449284,-254959.8100106957,254959.8100106957,181993.39718483502
A2,Inflazione persistente,0.006227244750916757,62.27244750916758,-373634.6850550054,373634.6850550054,181993.39718483502
A3,Repricing severo,0.006511595511421837,65.11595511421838,-390695.73068531026,390695.73068531026,605230.726541648
A2,Inflazione persistente,-0.00039325426528933087,-3.9325426528933085,23595.255917359853,-23595.255917359853,181993.39718483502
A1,Disinflazione ordinata,0.006809875041958474,68.09875041958475,-408592.50251750846,408592.50251750846,-57804.18736968874
A3,Repricing severo,0.0018960912352167878,18.960912352167878,-113765.47411300727,113765.47411300727,605230.726541648
A2,Inflazione persistente,0.004168103437113039,41.68103437113039,-250086.20622678232,250086.20622678232,181993.39718483502
A2,Inflazione persistente,0.003157956099647509,31.579560996475088,-189477.36597885055,189477.36597885055,181993.39718483502
A1,Disinflazione ordinata,-0.006036658446245094,-60.366584462450945,362199.50677470566,-362199.50677470566,-57804.18736968874
A3,Repricing severo,0.021065767737064114,210.65767737064112,-1263946.064223847,1263946.064223847,605230.726541648
A1,Disinflazione ordinata,9.360377425809995e-05,0.9360377425809996,-5616.226455485998,5616.226455485998,-57804.18736968874
A1,Disinflazione ordinata,-0.002336089330260197,-23.360893302601973,140165.35981561182,-140165.35981561182,-57804.18736968874
A1,Disinflazione ordinata,-0.0016915230516988831,-16.91523051698883,101491.38310193298,-101491.38310193298,-57804.18736968874
A2,Inflazione persistente,0.005146619790123735,51.46619790123735,-308797.18740742415,308797.18740742415,181993.39718483502
A2,Inflazione persistente,-0.008606056950142587,-86.06056950142587,516363.4170085552,-516363.4170085552,181993.39718483502
A2,Inflazione persistente,0.007924506268315864,79.24506268315864,-475470.37609895185,475470.37609895185,181993.39718483502
A1,Disinflazione ordinata,0.002069157083907669,20.69157083907669,-124149.42503446013,124149.42503446013,-57804.18736968874
A2,Inflazione persistente,0.000529945781503496,5.29945781503496,-31796.74689020976,31796.74689020976,181993.39718483502
A2,Inflazione persistente,-0.005889608462938408,-58.896084629384085,353376.5077763045,-353376.5077763045,181993.39718483502
A3,Repricing severo,0.006039682227491468,60.396822274914676,-362380.9336494881,362380.9336494881,605230.726541648
A2,Inflazione persistente,-0.0026986738188263812,-26.98673818826381,161920.42912958286,-161920.42912958286,181993.39718483502
A3,Repricing severo,0.012252073415224586,122.52073415224586,-735124.4049134752,735124.4049134752,605230.726541648
A3,Repricing severo,-0.0017840181379121887,-17.840181379121887,107041.08827473132,-107041.08827473132,605230.726541648
A1,Disinflazione ordinata,0.0022286138929622145,22.286138929622144,-133716.83357773288,133716.83357773288,-57804.18736968874
A1,Disinflazione ordinata,0.0007308366328629512,7.3083663286295115,-43850.197971777074,43850.197971777074,-57804.18736968874
A1,Disinflazione ordinata,-0.0025846923051045033,-25.84692305104503,155081.5383062702,-155081.5383062702,-57804.18736968874
A2,Inflazione persistente,-0.004671847789900875,-46.718477899008754,280310.8673940525,-280310.8673940525,181993.39718483502
A1,Disinflazione ordinata,-0.003239765656727818,-32.397656567278176,194385.93940366906,-194385.93940366906,-57804.18736968874
A1,Disinflazione ordinata,-0.0031258556737661304,-31.258556737661305,187551.34042596782,-187551.34042596782,-57804.18736968874
A3,Repricing severo,-0.0017333863091103102,-17.3338630911031,104003.17854661861,-104003.17854661861,605230.726541648
A2,Inflazione persistente,0.0068671027213398125,68.67102721339812,-412026.16328038875,412026.16328038875,181993.39718483502
A3,Repricing severo,0.024453755061697363,244.53755061697362,-1467225.3037018417,1467225.3037018417,605230.726541648
A1,Disinflazione ordinata,-0.0021711774921486494,-21.711774921486494,130270.64952891896,-130270.64952891896,-57804.18736968874
A1,Disinflazione ordinata,-0.004804814959225126,-48.04814959225126,288288.89755350753,-288288.89755350753,-57804.18736968874
A1,Disinflazione ordinata,0.0006575593396019044,6.575593396019044,-39453.56037611426,39453.56037611426,-57804.18736968874
A3,Repricing severo,0.03125065600401688,312.5065600401688,-1875039.3602410126,1875039.3602410126,605230.726541648
A1,Disinflazione ordinata,-0.001405970185808052,-14.059701858080519,84358.21114848313,-84358.21114848313,-57804.18736968874
A3,Repricing severo,0.0007488427664154845,7.488427664154845,-44930.56598492907,44930.56598492907,605230.726541648
A1,Disinflazione ordinata,0.003377227568865648,33.772275688656485,-202633.65413193888,202633.65413193888,-57804.18736968874
A3,Repricing severo,0.03887064497228664,388.7064497228664,-2332238.6983371987,2332238.6983371987,605230.726541648
A1,Disinflazione ordinata,-0.0036364785658844954,-36.36478565884495,218188.71395306973,-218188.71395306973,-57804.18736968874
A2,Inflazione persistente,-0.0005713431849580799,-5.7134318495807985,34280.591097484794,-34280.591097484794,181993.39718483502
A2,Inflazione persistente,0.012397182817645916,123.97182817645916,-743830.969058755,743830.969058755,181993.39718483502
A3,Repricing severo,0.007244207115680098,72.44207115680098,-434652.4269408059,434652.4269408059,605230.726541648
A3,Repricing severo,0.012498282492495598,124.98282492495598,-749896.9495497359,749896.9495497359,605230.726541648
A2,Inflazione persistente,0.0021612623376396434,21.612623376396435,-129675.7402583786,129675.7402583786,181993.39718483502
A2,Inflazione persistente,0.0020319621283385937,20.319621283385935,-121917.72770031562,121917.72770031562,181993.39718483502
A2,Inflazione persistente,-0.007300507537006025,-73.00507537006025,438030.4522203615,-438030.4522203615,181993.39718483502
A2,Inflazione persistente,0.007635142989581268,76.35142989581267,-458108.57937487605,458108.57937487605,181993.39718483502
A3,Repricing severo,0.031494230361653046,314.94230361653047,-1889653.8216991827,1889653.8216991827,605230.726541648
A2,Inflazione persistente,0.002030960099839512,20.309600998395123,-121857.60599037074,121857.60599037074,181993.39718483502
A2,Inflazione persistente,-0.0035668274580430426,-35.66827458043043,214009.64748258254,-214009.64748258254,181993.39718483502
A3,Repricing severo,0.00930519811705476,93.0519811705476,-558311.8870232856,558311.8870232856,605230.726541648
A1,Disinflazione ordinata,-0.0005246900880847096,-5.246900880847097,31481.40528508258,-31481.40528508258,-57804.18736968874
A2,Inflazione persistente,0.011160524613195343,111.60524613195344,-669631.4767917206,669631.4767917206,181993.39718483502
A2,Inflazione persistente,-0.00017884156046017556,-1.7884156046017556,10730.493627610535,-10730.493627610535,181993.39718483502
A2,Inflazione persistente,-0.0008011892419852971,-8.011892419852972,48071.35451911783,-48071.35451911783,181993.39718483502
A1,Disinflazione ordinata,-0.0019933802476456565,-19.933802476456563,119602.8148587394,-119602.8148587394,-57804.18736968874
A2,Inflazione persistente,0.010468241316546553,104.68241316546552,-628094.4789927931,628094.4789927931,181993.39718483502
A1,Disinflazione ordinata,0.0010646442849391517,10.646442849391518,-63878.6570963491,63878.6570963491,-57804.18736968874
A1,Disinflazione ordinata,0.001802010027761892,18.02010027761892,-108120.60166571352,108120.60166571352,-57804.18736968874
A1,Disinflazione ordinata,9.562563059805273e-05,0.9562563059805274,-5737.537835883164,5737.537835883164,-57804.18736968874
A2,Inflazione persistente,-0.00898989495315718,-89.8989495315718,539393.6971894308,-539393.6971894308,181993.39718483502
A2,Inflazione persistente,-0.002292637744850462,-22.926377448504617,137558.2646910277,-137558.2646910277,181993.39718483502
A3,Repricing severo,0.008020903787306577,80.20903787306577,-481254.2272383946,481254.2272383946,605230.726541648
A2,Inflazione persistente,0.0021195864264126393,21.195864264126392,-127175.18558475835,127175.18558475835,181993.39718483502
A2,Inflazione persistente,0.004840887448053696,48.40887448053696,-290453.2468832218,290453.2468832218,181993.39718483502
A1,Disinflazione ordinata,0.0019306335072793758,19.306335072793757,-115838.01043676255,115838.01043676255,-57804.18736968874
A3,Repricing severo,0.004686078775577296,46.86078775577296,-281164.72653463774,281164.72653463774,605230.726541648
A1,Disinflazione ordinata,-0.005294776676442557,-52.947766764425566,317686.6005865534,-317686.6005865534,-57804.18736968874
A1,Disinflazione ordinata,-0.0018904073361647755,-18.904073361647754,113424.44016988653,-113424.44016988653,-57804.18736968874
A1,Disinflazione ordinata,-0.005191134471029346,-51.911344710293456,311468.06826176075,-311468.06826176075,-57804.18736968874
A1,Disinflazione ordinata,-0.0033062647256926147,-33.06264725692615,198375.8835415569,-198375.8835415569,-57804.18736968874
A2,Inflazione persistente,-0.010825866865725935,-108.25866865725935,649552.0119435561,-649552.0119435561,181993.39718483502
A2,Inflazione persistente,0.006154035410662043,61.54035410662043,-369242.1246397226,369242.1246397226,181993.39718483502
A1,Disinflazione ordinata,0.0010597012091313807,10.597012091313808,-63582.072547882846,63582.072547882846,-57804.18736968874
A2,Inflazione persistente,0.009168267813493116,91.68267813493115,-550096.0688095869,550096.0688095869,181993.39718483502
A2,Inflazione persistente,-0.006358075545599823,-63.58075545599823,381484.53273598937,-381484.53273598937,181993.39718483502
A2,Inflazione persistente,0.006172218120893129,61.72218120893129,-370333.0872535877,370333.0872535877,181993.39718483502
A2,Inflazione persistente,0.004691179170287845,46.911791702878446,-281470.7502172707,281470.7502172707,181993.39718483502
A1,Disinflazione ordinata,-0.005045146938162999,-50.45146938162999,302708.81628977996,-302708.81628977996,-57804.18736968874
A2,Inflazione persistente,0.005742202011192458,57.422020111924574,-344532.1206715475,344532.1206715475,181993.39718483502
A1,Disinflazione ordinata,0.0043755483416221645,43.755483416221644,-262532.9004973299,262532.9004973299,-57804.18736968874
A3,Repricing severo,0.02992275125565448,299.2275125565448,-1795365.075339269,1795365.075339269,605230.726541648
A2,Inflazione persistente,-0.002967088017594632,-29.67088017594632,178025.28105567791,-178025.28105567791,181993.39718483502
A1,Disinflazione ordinata,-0.004597954378004077,-45.97954378004077,275877.26268024463,-275877.26268024463,-57804.18736968874
A3,Repricing severo,0.01463662522671464,146.3662522671464,-878197.5136028784,878197.5136028784,605230.726541648
A1,Disinflazione ordinata,-0.0014355220088218363,-14.355220088218363,86131.32052931018,-86131.32052931018,-57804.18736968874
A2,Inflazione persistente,0.0006070582717962779,6.070582717962779,-36423.49630777667,36423.49630777667,181993.39718483502
A1,Disinflazione ordinata,-0.005406955775059457,-54.069557750594576,324417.3465035674,-324417.3465035674,-57804.18736968874
A2,Inflazione persistente,0.007736682778694633,77.36682778694633,-464200.966721678,464200.966721678,181993.39718483502
A2,Inflazione persistente,-0.0017232967146930773,-17.232967146930772,103397.80288158463,-103397.80288158463,181993.39718483502
A1,Disinflazione ordinata,0.0022082970089218738,22.082970089218737,-132497.82053531244,132497.82053531244,-57804.18736968874
A2,Inflazione persistente,0.010891717309680627,108.91717309680627,-653503.0385808377,653503.0385808377,181993.39718483502
A2,Inflazione persistente,-9.721899944340005e-05,-0.9721899944340004,5833.139966604002,-5833.139966604002,181993.39718483502
A3,Repricing severo,-0.004637829567234391,-46.37829567234391,278269.77403406345,-278269.77403406345,605230.726541648
A1,Disinflazione ordinata,0.0013945087531573,13.945087531573,-83670.525189438,83670.525189438,-57804.18736968874
A3,Repricing severo,0.005190318861834812,51.90318861834812,-311419.1317100887,311419.1317100887,605230.726541648
A2,Inflazione persistente,-0.002624997610447383,-26.24997610447383,157499.856626843,-157499.856626843,181993.39718483502
A1,Disinflazione ordinata,-0.00039916076246842094,-3.9916076246842094,23949.645748105257,-23949.645748105257,-57804.18736968874
A2,Inflazione persistente,0.011346173379676226,113.46173379676226,-680770.4027805736,680770.4027805736,181993.39718483502
A1,Disinflazione ordinata,-0.0009232481938520428,-9.232481938520428,55394.89163112257,-55394.89163112257,-57804.18736968874
A2,Inflazione persistente,0.00608571367949782,60.8571367949782,-365142.8207698692,365142.8207698692,181993.39718483502
A2,Inflazione persistente,6.288521228905086e-05,0.6288521228905086,-3773.1127373430513,3773.1127373430513,181993.39718483502
A2,Inflazione persistente,-0.0075313609690659455,-75.31360969065946,451881.65814395674,-451881.65814395674,181993.39718483502
A3,Repricing severo,0.01679804444941331,167.9804444941331,-1007882.6669647986,1007882.6669647986,605230.726541648
A1,Disinflazione ordinata,0.0003378571088823506,3.3785710888235063,-20271.426532941037,20271.426532941037,-57804.18736968874
A3,Repricing severo,0.003850791321237834,38.50791321237834,-231047.47927427004,231047.47927427004,605230.726541648
A2,Inflazione persistente,0.002662108590778948,26.62108590778948,-159726.51544673688,159726.51544673688,181993.39718483502
A2,Inflazione persistente,0.0011516852399968017,11.516852399968016,-69101.1143998081,69101.1143998081,181993.39718483502
A2,Inflazione persistente,-0.0033229206557251825,-33.22920655725183,199375.23934351094,-199375.23934351094,181993.39718483502
A3,Repricing severo,0.010302907634704688,103.02907634704688,-618174.4580822813,618174.4580822813,605230.726541648
A2,Inflazione persistente,0.007081756158395472,70.81756158395471,-424905.3695037283,424905.3695037283,181993.39718483502
A1,Disinflazione ordinata,0.002435051008707756,24.35051008707756,-146103.06052246536,146103.06052246536,-57804.18736968874
A1,Disinflazione ordinata,-0.007380697425490248,-73.80697425490249,442841.8455294149,-442841.8455294149,-57804.18736968874
A1,Disinflazione ordinata,-0.0017174323898194763,-17.174323898194764,103045.94338916858,-103045.94338916858,-57804.18736968874
A1,Disinflazione ordinata,-0.0024596276709097963,-24.596276709097964,147577.66025458777,-147577.66025458777,-57804.18736968874
A1,Disinflazione ordinata,0.0012569231664804835,12.569231664804835,-75415.38998882902,75415.38998882902,-57804.18736968874
A1,Disinflazione ordinata,-0.0022581836909568486,-22.581836909568487,135491.0214574109,-135491.0214574109,-57804.18736968874
A3,Repricing severo,0.018483626223300305,184.83626223300305,-1109017.5733980183,1109017.5733980183,605230.726541648
A1,Disinflazione ordinata,-0.0030461511700280034,-30.461511700280035,182769.0702016802,-182769.0702016802,-57804.18736968874
A1,Disinflazione ordinata,-8.402497504052568e-05,-0.8402497504052567,5041.49850243154,-5041.49850243154,-57804.18736968874
A3,Repricing severo,0.025295119343172197,252.95119343172198,-1517707.1605903318,1517707.1605903318,605230.726541648
A2,Inflazione persistente,0.0037272437321625856,37.27243732162586,-223634.62392975515,223634.62392975515,181993.39718483502
A2,Inflazione persistente,0.00400510998138316,40.051099813831605,-240306.5988829896,240306.5988829896,181993.39718483502
A1,Disinflazione ordinata,0.0021841777400737282,21.841777400737282,-131050.66440442369,131050.66440442369,-57804.18736968874
A2,Inflazione persistente,0.005588083517552784,55.88083517552784,-335285.01105316705,335285.01105316705,181993.39718483502
A1,Disinflazione ordinata,0.0008739757693556993,8.739757693556992,-52438.54616134196,52438.54616134196,-57804.18736968874
A1,Disinflazione ordinata,-0.004589366296600849,-45.89366296600849,275361.97779605095,-275361.97779605095,-57804.18736968874
A3,Repricing severo,0.007968515062568614,79.68515062568615,-478110.90375411685,478110.90375411685,605230.726541648
A2,Inflazione persistente,0.0132064785750955,132.064785750955,-792388.71450573,792388.71450573,181993.39718483502
A2,Inflazione persistente,0.005644770282720092,56.447702827200914,-338686.2169632055,338686.2169632055,181993.39718483502
A2,Inflazione persistente,0.0020993556634546946,20.993556634546945,-125961.33980728168,125961.33980728168,181993.39718483502
A2,Inflazione persistente,-0.001784098591065539,-17.84098591065539,107045.91546393234,-107045.91546393234,181993.39718483502
A2,Inflazione persistente,-0.0018295371227383108,-18.295371227383107,109772.22736429865,-109772.22736429865,181993.39718483502
A2,Inflazione persistente,-0.001025903123975212,-10.259031239752119,61554.187438512716,-61554.187438512716,181993.39718483502
A2,Inflazione persistente,-0.004332091500522554,-43.32091500522554,259925.49003135323,-259925.49003135323,181993.39718483502
A2,Inflazione persistente,0.006222897490821338,62.22897490821338,-373373.8494492803,373373.8494492803,181993.39718483502
A2,Inflazione persistente,0.01444260969767084,144.4260969767084,-866556.5818602504,866556.5818602504,181993.39718483502
A2,Inflazione persistente,0.004756323075982574,47.56323075982574,-285379.38455895445,285379.38455895445,181993.39718483502
A1,Disinflazione ordinata,-0.0024697221956581942,-24.69722195658194,148183.33173949167,-148183.33173949167,-57804.18736968874
A2,Inflazione persistente,0.0004209911145410445,4.209911145410445,-25259.46687246267,25259.46687246267,181993.39718483502
A1,Disinflazione ordinata,0.0037778729747559286,37.77872974755928,-226672.3784853557,226672.3784853557,-57804.18736968874
A3,Repricing severo,0.005369441212854785,53.69441212854785,-322166.4727712871,322166.4727712871,605230.726541648
A2,Inflazione persistente,0.001971388935431329,19.713889354313288,-118283.33612587974,118283.33612587974,181993.39718483502
A3,Repricing severo,0.011171525900654004,111.71525900654004,-670291.5540392402,670291.5540392402,605230.726541648
A2,Inflazione persistente,-0.005406792688828983,-54.06792688828983,324407.561329739,-324407.561329739,181993.39718483502
A2,Inflazione persistente,0.009447256264386457,94.47256264386456,-566835.3758631874,566835.3758631874,181993.39718483502
A1,Disinflazione ordinata,-0.002289434774875713,-22.89434774875713,137366.0864925428,-137366.0864925428,-57804.18736968874
A1,Disinflazione ordinata,-0.004752397561327895,-47.52397561327895,285143.8536796737,-285143.8536796737,-57804.18736968874
A1,Disinflazione ordinata,0.006294033814059251,62.94033814059251,-377642.028843555,377642.028843555,-57804.18736968874
A2,Inflazione persistente,0.005142902085421785,51.429020854217846,-308574.12512530707,308574.12512530707,181993.39718483502
A1,Disinflazione ordinata,0.005076158674883317,50.76158674883317,-304569.520492999,304569.520492999,-57804.18736968874
A2,Inflazione persistente,0.005356739219528385,53.56739219528385,-321404.3531717031,321404.3531717031,181993.39718483502
A1,Disinflazione ordinata,-0.00643593202566997,-64.3593202566997,386155.9215401982,-386155.9215401982,-57804.18736968874
A1,Disinflazione ordinata,-0.0019874358554777677,-19.874358554777675,119246.15132866606,-119246.15132866606,-57804.18736968874
A3,Repricing severo,-0.009759166024728936,-97.59166024728935,585549.9614837362,-585549.9614837362,605230.726541648
A1,Disinflazione ordinata,0.0013677908526878997,13.677908526878998,-82067.45116127399,82067.45116127399,-57804.18736968874
A1,Disinflazione ordinata,-0.004766318893151142,-47.66318893151142,285979.1335890685,-285979.1335890685,-57804.18736968874
A2,Inflazione persistente,-0.013151047820220377,-131.51047820220376,789062.8692132226,-789062.8692132226,181993.39718483502
A1,Disinflazione ordinata,0.00111421347412285,11.142134741228501,-66852.808447371,66852.808447371,-57804.18736968874
A2,Inflazione persistente,-0.00020280546701997252,-2.028054670199725,12168.328021198351,-12168.328021198351,181993.39718483502
A2,Inflazione persistente,0.006282127693415998,62.82127693415998,-376927.6616049599,376927.6616049599,181993.39718483502
A3,Repricing severo,0.013446867682262479,134.4686768226248,-806812.0609357487,806812.0609357487,605230.726541648
A3,Repricing severo,0.006890292569559476,68.90292569559476,-413417.55417356855,413417.55417356855,605230.726541648
A1,Disinflazione ordinata,0.003284754067543391,32.84754067543391,-197085.24405260346,197085.24405260346,-57804.18736968874
A3,Repricing severo,0.02292461075095515,229.2461075095515,-1375476.645057309,1375476.645057309,605230.726541648
A1,Disinflazione ordinata,0.0017984423396575668,17.984423396575668,-107906.540379454,107906.540379454,-57804.18736968874
A3,Repricing severo,0.011696777535398493,116.96777535398493,-701806.6521239096,701806.6521239096,605230.726541648
A1,Disinflazione ordinata,-0.006891700042528043,-68.91700042528043,413502.0025516826,-413502.0025516826,-57804.18736968874
A3,Repricing severo,0.018521846135891362,185.21846135891363,-1111310.7681534817,1111310.7681534817,605230.726541648
A2,Inflazione persistente,-0.0019392087810498346,-19.392087810498346,116352.52686299008,-116352.52686299008,181993.39718483502
A2,Inflazione persistente,0.004550220401642532,45.502204016425324,-273013.22409855196,273013.22409855196,181993.39718483502
A2,Inflazione persistente,0.002357339496639044,23.573394966390442,-141440.36979834264,141440.36979834264,181993.39718483502
A2,Inflazione persistente,0.0018474882805740015,18.474882805740016,-110849.29683444009,110849.29683444009,181993.39718483502
A1,Disinflazione ordinata,0.0026026032400702152,26.026032400702153,-156156.1944042129,156156.1944042129,-57804.18736968874
A2,Inflazione persistente,0.002775205629154988,27.752056291549877,-166512.33774929927,166512.33774929927,181993.39718483502
A2,Inflazione persistente,0.004897892634206693,48.978926342066934,-293873.5580524016,293873.5580524016,181993.39718483502
A3,Repricing severo,0.006259009548230488,62.59009548230488,-375540.5728938293,375540.5728938293,605230.726541648
A1,Disinflazione ordinata,-0.0021875046183225167,-21.875046183225166,131250.277099351,-131250.277099351,-57804.18736968874
A2,Inflazione persistente,0.004676195390426595,46.76195390426595,-280571.7234255957,280571.7234255957,181993.39718483502
A2,Inflazione persistente,0.0007015181087841145,7.015181087841144,-42091.08652704687,42091.08652704687,181993.39718483502
A2,Inflazione persistente,0.012604946028800735,126.04946028800735,-756296.7617280441,756296.7617280441,181993.39718483502
A2,Inflazione persistente,0.004250054297567455,42.50054297567455,-255003.2578540473,255003.2578540473,181993.39718483502
A2,Inflazione persistente,0.009178401302030991,91.78401302030991,-550704.0781218595,550704.0781218595,181993.39718483502
A2,Inflazione persistente,-0.002972343422826554,-29.72343422826554,178340.60536959322,-178340.60536959322,181993.39718483502
A2,Inflazione persistente,0.012301573773535354,123.01573773535354,-738094.4264121212,738094.4264121212,181993.39718483502
A2,Inflazione persistente,0.017094485856885448,170.94485856885447,-1025669.1514131268,1025669.1514131268,181993.39718483502
A2,Inflazione persistente,-0.008302746388486965,-83.02746388486965,498164.7833092179,-498164.7833092179,181993.39718483502
A2,Inflazione persistente,-0.003990962645660017,-39.909626456600165,239457.758739601,-239457.758739601,181993.39718483502
A2,Inflazione persistente,0.0037258289011591924,37.25828901159193,-223549.73406955154,223549.73406955154,181993.39718483502
A1,Disinflazione ordinata,0.0018230765289179896,18.230765289179896,-109384.59173507938,109384.59173507938,-57804.18736968874
A3,Repricing severo,0.009853883746244982,98.53883746244982,-591233.0247746989,591233.0247746989,605230.726541648
A2,Inflazione persistente,-0.00028657555447577634,-2.8657555447577634,17194.53326854658,-17194.53326854658,181993.39718483502
A2,Inflazione persistente,0.0018474799136966671,18.47479913696667,-110848.79482180002,110848.79482180002,181993.39718483502
A3,Repricing severo,0.01316698871976171,131.6698871976171,-790019.3231857026,790019.3231857026,605230.726541648
A3,Repricing severo,-0.012513113403241431,-125.13113403241431,750786.8041944859,-750786.8041944859,605230.726541648
A3,Repricing severo,0.004868776228043959,48.687762280439586,-292126.57368263754,292126.57368263754,605230.726541648
A1,Disinflazione ordinata,-0.001002826481420485,-10.02826481420485,60169.588885229095,-60169.588885229095,-57804.18736968874
A2,Inflazione persistente,0.00626109757677667,62.6109757677667,-375665.8546066002,375665.8546066002,181993.39718483502
A3,Repricing severo,0.003418778726154627,34.18778726154627,-205126.72356927762,205126.72356927762,605230.726541648
A1,Disinflazione ordinata,-0.0042419481493053066,-42.41948149305306,254516.8889583184,-254516.8889583184,-57804.18736968874
A1,Disinflazione ordinata,-0.006440214451738844,-64.40214451738844,386412.8671043306,-386412.8671043306,-57804.18736968874
A2,Inflazione persistente,0.0019278401457582734,19.278401457582735,-115670.4087454964,115670.4087454964,181993.39718483502
A1,Disinflazione ordinata,0.002039723477903487,20.39723477903487,-122383.40867420922,122383.40867420922,-57804.18736968874
A2,Inflazione persistente,-0.004564322488594981,-45.64322488594981,273859.3493156989,-273859.3493156989,181993.39718483502
A2,Inflazione persistente,0.0021008275994120794,21.008275994120794,-126049.65596472476,126049.65596472476,181993.39718483502
A3,Repricing severo,0.01426747173271938,142.6747173271938,-856048.3039631628,856048.3039631628,605230.726541648
A1,Disinflazione ordinata,0.00952644024954416,95.2644024954416,-571586.4149726497,571586.4149726497,-57804.18736968874
A2,Inflazione persistente,0.00013116057017508983,1.3116057017508982,-7869.634210505389,7869.634210505389,181993.39718483502
A2,Inflazione persistente,0.009877354043810755,98.77354043810755,-592641.2426286453,592641.2426286453,181993.39718483502
A3,Repricing severo,0.027758636144335172,277.58636144335173,-1665518.1686601103,1665518.1686601103,605230.726541648
A3,Repricing severo,0.009435370012487156,94.35370012487155,-566122.2007492293,566122.2007492293,605230.726541648
A1,Disinflazione ordinata,3.508058988375799e-05,0.35080589883757995,-2104.83539302548,2104.83539302548,-57804.18736968874
A2,Inflazione persistente,0.0013994246260472935,13.994246260472934,-83965.47756283761,83965.47756283761,181993.39718483502
A1,Disinflazione ordinata,-0.0020707214046072316,-20.707214046072316,124243.2842764339,-124243.2842764339,-57804.18736968874
A2,Inflazione persistente,-0.003933509327371271,-39.33509327371271,236010.55964227623,-236010.55964227623,181993.39718483502
A3,Repricing severo,0.0003270321411476436,3.270321411476436,-19621.928468858616,19621.928468858616,605230.726541648
A2,Inflazione persistente,0.009496111077947006,94.96111077947006,-569766.6646768204,569766.6646768204,181993.39718483502
A1,Disinflazione ordinata,-0.001455792555071293,-14.55792555071293,87347.55330427758,-87347.55330427758,-57804.18736968874
A2,Inflazione persistente,0.003017248989670631,30.172489896706313,-181034.93938023786,181034.93938023786,181993.39718483502
A1,Disinflazione ordinata,0.0007073309178159454,7.0733091781594535,-42439.85506895672,42439.85506895672,-57804.18736968874
A2,Inflazione persistente,0.009204831174809745,92.04831174809745,-552289.8704885847,552289.8704885847,181993.39718483502
A2,Inflazione persistente,-0.002869819899945395,-28.69819899945395,172189.1939967237,-172189.1939967237,181993.39718483502
A3,Repricing severo,-0.010467403262406373,-104.67403262406373,628044.1957443823,-628044.1957443823,605230.726541648
A1,Disinflazione ordinata,-0.0018858750796490191,-18.85875079649019,113152.50477894115,-113152.50477894115,-57804.18736968874
A2,Inflazione persistente,-0.0021070866086844407,-21.070866086844408,126425.19652106645,-126425.19652106645,181993.39718483502
A1,Disinflazione ordinata,0.0023527514068451745,23.527514068451744,-141165.08441071046,141165.08441071046,-57804.18736968874
A1,Disinflazione ordinata,0.0042240365639727405,42.24036563972741,-253442.19383836442,253442.19383836442,-57804.18736968874
A2,Inflazione persistente,0.005886221848211587,58.86221848211587,-353173.31089269527,353173.31089269527,181993.39718483502
A2,Inflazione persistente,0.009886594946083006,98.86594946083005,-593195.6967649803,593195.6967649803,181993.39718483502
A1,Disinflazione ordinata,-0.0029063429861671923,-29.063429861671924,174380.57917003153,-174380.57917003153,-57804.18736968874
A2,Inflazione persistente,0.010852115009483118,108.52115009483119,-651126.9005689871,651126.9005689871,181993.39718483502
A1,Disinflazione ordinata,1.1437212279511019e-05,0.11437212279511019,-686.2327367706612,686.2327367706612,-57804.18736968874
A1,Disinflazione ordinata,-0.0019340729013277154,-19.340729013277155,116044.37407966293,-116044.37407966293,-57804.18736968874
A2,Inflazione persistente,0.012834424185758267,128.34424185758266,-770065.451145496,770065.451145496,181993.39718483502
A2,Inflazione persistente,0.010658690231502857,106.58690231502857,-639521.4138901714,639521.4138901714,181993.39718483502
A3,Repricing severo,-0.000770188420975048,-7.70188420975048,46211.30525850288,-46211.30525850288,605230.726541648
A1,Disinflazione ordinata,-0.007269721293194378,-72.69721293194378,436183.2775916627,-436183.2775916627,-57804.18736968874
A1,Disinflazione ordinata,-0.0042514421075058074,-42.514421075058074,255086.52645034844,-255086.52645034844,-57804.18736968874
A3,Repricing severo,0.015178725109926346,151.78725109926347,-910723.5065955808,910723.5065955808,605230.726541648
A1,Disinflazione ordinata,0.002934164082329929,29.34164082329929,-176049.84493979573,176049.84493979573,-57804.18736968874
A3,Repricing severo,0.029120489841899355,291.20489841899354,-1747229.3905139612,1747229.3905139612,605230.726541648
A2,Inflazione persistente,0.00019454307375680246,1.9454307375680246,-11672.584425408148,11672.584425408148,181993.39718483502
A2,Inflazione persistente,0.006796556510115871,67.96556510115872,-407793.39060695225,407793.39060695225,181993.39718483502
A1,Disinflazione ordinata,-0.0001231410354384547,-1.231410354384547,7388.462126307281,-7388.462126307281,-57804.18736968874
A2,Inflazione persistente,0.008298404395235905,82.98404395235906,-497904.2637141543,497904.2637141543,181993.39718483502
A3,Repricing severo,0.010518724648473404,105.18724648473403,-631123.4789084042,631123.4789084042,605230.726541648
A3,Repricing severo,0.020496678939893945,204.96678939893945,-1229800.7363936368,1229800.7363936368,605230.726541648
A2,Inflazione persistente,0.004537541487604729,45.375414876047294,-272252.48925628373,272252.48925628373,181993.39718483502
A1,Disinflazione ordinata,-0.004457247532556049,-44.57247532556049,267434.85195336293,-267434.85195336293,-57804.18736968874
A3,Repricing severo,0.012324753426221646,123.24753426221646,-739485.2055732987,739485.2055732987,605230.726541648
A2,Inflazione persistente,0.00338987669159298,33.8987669159298,-203392.6014955788,203392.6014955788,181993.39718483502
A2,Inflazione persistente,0.0031183519655480236,31.183519655480236,-187101.1179328814,187101.1179328814,181993.39718483502
A2,Inflazione persistente,0.007426780130966682,74.26780130966682,-445606.8078580009,445606.8078580009,181993.39718483502
A2,Inflazione persistente,-0.0008519149554857834,-8.519149554857835,51114.897329147,-51114.897329147,181993.39718483502
A1,Disinflazione ordinata,0.0021958227330512686,21.958227330512685,-131749.36398307612,131749.36398307612,-57804.18736968874
A1,Disinflazione ordinata,-0.009026198426724821,-90.26198426724821,541571.9056034893,-541571.9056034893,-57804.18736968874
A2,Inflazione persistente,0.009786819752222363,97.86819752222362,-587209.1851333418,587209.1851333418,181993.39718483502
A2,Inflazione persistente,0.009657124607968888,96.57124607968889,-579427.4764781334,579427.4764781334,181993.39718483502
A2,Inflazione persistente,0.0035022216031631455,35.02221603163146,-210133.29618978873,210133.29618978873,181993.39718483502
A2,Inflazione persistente,0.006249972694980335,62.499726949803346,-374998.3616988201,374998.3616988201,181993.39718483502
A2,Inflazione persistente,-0.001916184136291377,-19.16184136291377,114971.04817748262,-114971.04817748262,181993.39718483502
A1,Disinflazione ordinata,-0.0002645504034491983,-2.6455040344919833,15873.024206951899,-15873.024206951899,-57804.18736968874
A2,Inflazione persistente,0.0038120714722909912,38.12071472290991,-228724.28833745947,228724.28833745947,181993.39718483502
A1,Disinflazione ordinata,0.0026501534485920382,26.50153448592038,-159009.20691552229,159009.20691552229,-57804.18736968874
A1,Disinflazione ordinata,-0.010970740693530514,-109.70740693530514,658244.4416118308,-658244.4416118308,-57804.18736968874
A2,Inflazione persistente,-0.0033552328508223202,-33.552328508223205,201313.97104933922,-201313.97104933922,181993.39718483502
A2,Inflazione persistente,0.003051091680092601,30.510916800926008,-183065.50080555605,183065.50080555605,181993.39718483502
A2,Inflazione persistente,-0.010916792420507061,-109.16792420507062,655007.5452304237,-655007.5452304237,181993.39718483502
A1,Disinflazione ordinata,-0.001720813109409956,-17.20813109409956,103248.78656459737,-103248.78656459737,-57804.18736968874
A2,Inflazione persistente,0.018564264528562274,185.64264528562273,-1113855.8717137366,1113855.8717137366,181993.39718483502
A2,Inflazione persistente,0.0011739577147867751,11.73957714786775,-70437.46288720651,70437.46288720651,181993.39718483502
A2,Inflazione persistente,0.004111167015793835,41.11167015793835,-246670.02094763008,246670.02094763008,181993.39718483502
A1,Disinflazione ordinata,-0.002463833740977483,-24.638337409774827,147830.02445864896,-147830.02445864896,-57804.18736968874
A2,Inflazione persistente,-0.004025204939316006,-40.252049393160064,241512.29635896036,-241512.29635896036,181993.39718483502
A3,Repricing severo,0.0021442803847153864,21.442803847153865,-128656.82308292319,128656.82308292319,605230.726541648
A1,Disinflazione ordinata,0.004233582995705243,42.335829957052425,-254014.97974231455,254014.97974231455,-57804.18736968874
A2,Inflazione persistente,-0.003252348612450078,-32.52348612450078,195140.9167470047,-195140.9167470047,181993.39718483502
A2,Inflazione persistente,0.008927030156891128,89.27030156891128,-535621.8094134677,535621.8094134677,181993.39718483502
A2,Inflazione persistente,0.0062725416228474095,62.725416228474096,-376352.4973708446,376352.4973708446,181993.39718483502
A2,Inflazione persistente,0.014066712265638291,140.6671226563829,-844002.7359382975,844002.7359382975,181993.39718483502
A2,Inflazione persistente,0.011944352923806557,119.44352923806558,-716661.1754283934,716661.1754283934,181993.39718483502
A2,Inflazione persistente,-0.005867988208298889,-58.67988208298889,352079.2924979333,-352079.2924979333,181993.39718483502
A1,Disinflazione ordinata,-0.003907164190552686,-39.07164190552686,234429.85143316115,-234429.85143316115,-57804.18736968874
A2,Inflazione persistente,-0.006328087819100973,-63.280878191009734,379685.2691460584,-379685.2691460584,181993.39718483502
A2,Inflazione persistente,-0.00024896958037246486,-2.4896958037246484,14938.174822347892,-14938.174822347892,181993.39718483502
A2,Inflazione persistente,-0.0017793464711906891,-17.793464711906893,106760.78827144134,-106760.78827144134,181993.39718483502
A1,Disinflazione ordinata,-0.009751496670474123,-97.51496670474123,585089.8002284473,-585089.8002284473,-57804.18736968874
A3,Repricing severo,0.03150478953430349,315.0478953430349,-1890287.3720582093,1890287.3720582093,605230.726541648
A1,Disinflazione ordinata,-0.00316594174160871,-31.6594174160871,189956.5044965226,-189956.5044965226,-57804.18736968874
A2,Inflazione persistente,-0.005109281457478246,-51.09281457478246,306556.88744869473,-306556.88744869473,181993.39718483502
A3,Repricing severo,0.006373929980257052,63.73929980257052,-382435.79881542316,382435.79881542316,605230.726541648
A1,Disinflazione ordinata,0.004069320673231614,40.69320673231614,-244159.24039389685,244159.24039389685,-57804.18736968874
A2,Inflazione persistente,0.0038057990387041765,38.05799038704176,-228347.9423222506,228347.9423222506,181993.39718483502
A3,Repricing severo,0.019950467507563147,199.50467507563147,-1197028.0504537888,1197028.0504537888,605230.726541648
A1,Disinflazione ordinata,-0.0031520966180276417,-31.520966180276417,189125.7970816585,-189125.7970816585,-57804.18736968874
A2,Inflazione persistente,-0.0003689269198051716,-3.689269198051716,22135.615188310294,-22135.615188310294,181993.39718483502
A2,Inflazione persistente,0.004652882300911278,46.528823009112784,-279172.9380546767,279172.9380546767,181993.39718483502
A2,Inflazione persistente,0.005619623851273316,56.19623851273317,-337177.431076399,337177.431076399,181993.39718483502
A2,Inflazione persistente,-0.0024659983451614373,-24.659983451614373,147959.90070968625,-147959.90070968625,181993.39718483502
A2,Inflazione persistente,0.003313793812618754,33.13793812618754,-198827.62875712526,198827.62875712526,181993.39718483502
A1,Disinflazione ordinata,8.274810844755443e-06,0.08274810844755442,-496.4886506853266,496.4886506853266,-57804.18736968874
A2,Inflazione persistente,0.009666925003344642,96.66925003344642,-580015.5002006785,580015.5002006785,181993.39718483502
A2,Inflazione persistente,0.005022277895524439,50.22277895524439,-301336.67373146635,301336.67373146635,181993.39718483502
A1,Disinflazione ordinata,-0.005078223951821226,-50.78223951821226,304693.43710927357,-304693.43710927357,-57804.18736968874
A2,Inflazione persistente,0.014225206793224521,142.2520679322452,-853512.4075934712,853512.4075934712,181993.39718483502
A2,Inflazione persistente,0.0026467411590772425,26.467411590772425,-158804.46954463454,158804.46954463454,181993.39718483502
A1,Disinflazione ordinata,-0.0016080734028249431,-16.08073402824943,96484.40416949659,-96484.40416949659,-57804.18736968874
A1,Disinflazione ordinata,0.0014519020517971605,14.519020517971605,-87114.12310782963,87114.12310782963,-57804.18736968874
A2,Inflazione persistente,0.0051320506114213285,51.32050611421329,-307923.0366852797,307923.0366852797,181993.39718483502
A1,Disinflazione ordinata,-0.0010151714834519578,-10.151714834519577,60910.28900711746,-60910.28900711746,-57804.18736968874
A2,Inflazione persistente,0.011132219716247366,111.32219716247366,-667933.1829748419,667933.1829748419,181993.39718483502
A1,Disinflazione ordinata,0.004617394279424709,46.1739427942471,-277043.65676548256,277043.65676548256,-57804.18736968874
A3,Repricing severo,0.02440941477098342,244.0941477098342,-1464564.8862590052,1464564.8862590052,605230.726541648
A2,Inflazione persistente,0.009320751037072118,93.20751037072118,-559245.0622243271,559245.0622243271,181993.39718483502
A2,Inflazione persistente,-0.000761278477784331,-7.61278477784331,45676.70866705986,-45676.70866705986,181993.39718483502
A1,Disinflazione ordinata,-0.0014019617769807,-14.019617769807,84117.706618842,-84117.706618842,-57804.18736968874
A1,Disinflazione ordinata,0.0008533966186978878,8.533966186978878,-51203.79712187327,51203.79712187327,-57804.18736968874
A2,Inflazione persistente,0.009658324543086376,96.58324543086376,-579499.4725851825,579499.4725851825,181993.39718483502
A2,Inflazione persistente,0.00018084915043193065,1.8084915043193066,-10850.94902591584,10850.94902591584,181993.39718483502
A2,Inflazione persistente,-0.0034011923930452803,-34.0119239304528,204071.5435827168,-204071.5435827168,181993.39718483502
A1,Disinflazione ordinata,-0.0019347268533199714,-19.347268533199713,116083.61119919829,-116083.61119919829,-57804.18736968874
A1,Disinflazione ordinata,0.002351532287660058,23.51532287660058,-141091.9372596035,141091.9372596035,-57804.18736968874
A2,Inflazione persistente,-0.0030972498410735327,-30.972498410735327,185834.99046441197,-185834.99046441197,181993.39718483502
A1,Disinflazione ordinata,-0.007322253107675582,-73.22253107675581,439335.1864605349,-439335.1864605349,-57804.18736968874
A1,Disinflazione ordinata,-0.0011862796524943918,-11.862796524943917,71176.7791496635,-71176.7791496635,-57804.18736968874
A1,Disinflazione ordinata,0.0007662414764581064,7.662414764581064,-45974.48858748639,45974.48858748639,-57804.18736968874
A2,Inflazione persistente,0.0032569570750722874,32.569570750722875,-195417.42450433725,195417.42450433725,181993.39718483502
A1,Disinflazione ordinata,-0.0038055670715030614,-38.055670715030615,228334.02429018368,-228334.02429018368,-57804.18736968874
A1,Disinflazione ordinata,0.003698540603823227,36.98540603823227,-221912.4362293936,221912.4362293936,-57804.18736968874
A3,Repricing severo,0.00026259211795309594,2.6259211795309594,-15755.527077185756,15755.527077185756,605230.726541648
A1,Disinflazione ordinata,0.004170384091743493,41.70384091743493,-250223.0455046096,250223.0455046096,-57804.18736968874
A1,Disinflazione ordinata,-0.0008768899227904052,-8.768899227904052,52613.39536742432,-52613.39536742432,-57804.18736968874
A2,Inflazione persistente,0.0029734233286938757,29.734233286938757,-178405.39972163254,178405.39972163254,181993.39718483502
A2,Inflazione persistente,0.0080759411315217,80.759411315217,-484556.46789130196,484556.46789130196,181993.39718483502
A3,Repricing severo,0.004836589729502619,48.365897295026194,-290195.3837701572,290195.3837701572,605230.726541648
A3,Repricing severo,-0.02359795089267433,-235.9795089267433,1415877.0535604598,-1415877.0535604598,605230.726541648
A2,Inflazione persistente,0.0015927913842826095,15.927913842826095,-95567.48305695657,95567.48305695657,181993.39718483502
A1,Disinflazione ordinata,-0.002750695952649255,-27.50695952649255,165041.7571589553,-165041.7571589553,-57804.18736968874
A1,Disinflazione ordinata,-0.002306526178847741,-23.06526178847741,138391.57073086445,-138391.57073086445,-57804.18736968874
A2,Inflazione persistente,0.00408866500301773,40.8866500301773,-245319.9001810638,245319.9001810638,181993.39718483502
A1,Disinflazione ordinata,0.00045305943781468643,4.530594378146865,-27183.566268881186,27183.566268881186,-57804.18736968874
A2,Inflazione persistente,0.005127056996017958,51.27056996017958,-307623.41976107744,307623.41976107744,181993.39718483502
A1,Disinflazione ordinata,0.0015976977790503207,15.976977790503208,-95861.86674301924,95861.86674301924,-57804.18736968874
A2,Inflazione persistente,-0.00011314684140793872,-1.1314684140793871,6788.810484476323,-6788.810484476323,181993.39718483502
A3,Repricing severo,0.01398643820256893,139.8643820256893,-839186.2921541359,839186.2921541359,605230.726541648
A2,Inflazione persistente,0.0057802638542851885,57.80263854285189,-346815.83125711133,346815.83125711133,181993.39718483502
A1,Disinflazione ordinata,-0.0036919379593616727,-36.919379593616725,221516.27756170035,-221516.27756170035,-57804.18736968874
A1,Disinflazione ordinata,-7.902173126257054e-05,-0.7902173126257055,4741.303875754233,-4741.303875754233,-57804.18736968874
A2,Inflazione persistente,-0.00044066519651208115,-4.406651965120812,26439.91179072487,-26439.91179072487,181993.39718483502
A2,Inflazione persistente,0.008992298037944976,89.92298037944977,-539537.8822766986,539537.8822766986,181993.39718483502
A2,Inflazione persistente,0.006926978545906899,69.26978545906898,-415618.71275441395,415618.71275441395,181993.39718483502
A1,Disinflazione ordinata,-0.005590319241119265,-55.90319241119265,335419.1544671559,-335419.1544671559,-57804.18736968874
A1,Disinflazione ordinata,0.0030699969895858084,30.699969895858086,-184199.8193751485,184199.8193751485,-57804.18736968874
A2,Inflazione persistente,-0.00286089725632828,-28.6089725632828,171653.8353796968,-171653.8353796968,181993.39718483502
A2,Inflazione persistente,0.0012898144489554523,12.898144489554523,-77388.86693732714,77388.86693732714,181993.39718483502
A2,Inflazione persistente,-0.0014795310092518433,-14.795310092518433,88771.8605551106,-88771.8605551106,181993.39718483502
A3,Repricing severo,0.013392335979816067,133.92335979816067,-803540.158788964,803540.158788964,605230.726541648
A2,Inflazione persistente,-0.002056270408184198,-20.562704081841982,123376.22449105188,-123376.22449105188,181993.39718483502
A2,Inflazione persistente,-8.29496365105601e-05,-0.829496365105601,4976.978190633606,-4976.978190633606,181993.39718483502
A3,Repricing severo,0.019305260456456943,193.05260456456944,-1158315.6273874165,1158315.6273874165,605230.726541648
A1,Disinflazione ordinata,0.00017903070493074827,1.7903070493074826,-10741.842295844895,10741.842295844895,-57804.18736968874
A1,Disinflazione ordinata,-0.0021547288203051717,-21.547288203051718,129283.7292183103,-129283.7292183103,-57804.18736968874
A1,Disinflazione ordinata,-0.000680227719662672,-6.8022771966267195,40813.66317976032,-40813.66317976032,-57804.18736968874
A2,Inflazione persistente,0.012460230526409634,124.60230526409634,-747613.831584578,747613.831584578,181993.39718483502
A1,Disinflazione ordinata,-0.0014629026935499287,-14.629026935499287,87774.16161299573,-87774.16161299573,-57804.18736968874
A2,Inflazione persistente,-0.009741603059856812,-97.41603059856811,584496.1835914088,-584496.1835914088,181993.39718483502
A1,Disinflazione ordinata,0.001720384735480778,17.20384735480778,-103223.08412884668,103223.08412884668,-57804.18736968874
A1,Disinflazione ordinata,-0.0022160437515360053,-22.16043751536005,132962.6250921603,-132962.6250921603,-57804.18736968874
A3,Repricing severo,-0.004169761823852827,-41.69761823852827,250185.70943116964,-250185.70943116964,605230.726541648
A3,Repricing severo,0.030499234690626834,304.9923469062683,-1829954.08143761,1829954.08143761,605230.726541648
A1,Disinflazione ordinata,0.0009079478110984647,9.079478110984647,-54476.86866590788,54476.86866590788,-57804.18736968874
A1,Disinflazione ordinata,0.0008027587061927419,8.027587061927418,-48165.52237156451,48165.52237156451,-57804.18736968874
A2,Inflazione persistente,0.005629750282457244,56.29750282457245,-337785.0169474347,337785.0169474347,181993.39718483502
A1,Disinflazione ordinata,-0.0004387390719635762,-4.387390719635762,26324.34431781457,-26324.34431781457,-57804.18736968874
A2,Inflazione persistente,-0.0022131134461690783,-22.131134461690785,132786.8067701447,-132786.8067701447,181993.39718483502
A2,Inflazione persistente,0.02541537832155639,254.15378321556392,-1524922.6992933834,1524922.6992933834,181993.39718483502
A3,Repricing severo,-0.0009132906428971199,-9.132906428971198,54797.43857382719,-54797.43857382719,605230.726541648
A1,Disinflazione ordinata,-0.0017521730788008752,-17.521730788008753,105130.38472805251,-105130.38472805251,-57804.18736968874
A2,Inflazione persistente,0.01480019666513287,148.0019666513287,-888011.7999079722,888011.7999079722,181993.39718483502
A1,Disinflazione ordinata,0.003746220006483424,37.462200064834235,-224773.20038900542,224773.20038900542,-57804.18736968874
A2,Inflazione persistente,-0.003003243251351672,-30.03243251351672,180194.59508110033,-180194.59508110033,181993.39718483502
A3,Repricing severo,0.01826570011704895,182.6570011704895,-1095942.007022937,1095942.007022937,605230.726541648
A1,Disinflazione ordinata,-0.002920738572367935,-29.20738572367935,175244.3143420761,-175244.3143420761,-57804.18736968874
A2,Inflazione persistente,0.010035048805214086,100.35048805214086,-602102.9283128452,602102.9283128452,181993.39718483502
A2,Inflazione persistente,0.0047983187450725065,47.98318745072506,-287899.12470435037,287899.12470435037,181993.39718483502
A2,Inflazione persistente,-0.001544342681181839,-15.44342681181839,92660.56087091034,-92660.56087091034,181993.39718483502
A3,Repricing severo,0.023155624523952895,231.55624523952895,-1389337.4714371737,1389337.4714371737,605230.726541648
A3,Repricing severo,0.011887545123084216,118.87545123084216,-713252.7073850529,713252.7073850529,605230.726541648
A2,Inflazione persistente,0.007014753477004908,70.14753477004908,-420885.20862029446,420885.20862029446,181993.39718483502
A3,Repricing severo,0.01814936303634311,181.4936303634311,-1088961.7821805866,1088961.7821805866,605230.726541648
A1,Disinflazione ordinata,0.0020494336371775826,20.494336371775827,-122966.01823065495,122966.01823065495,-57804.18736968874
A1,Disinflazione ordinata,-0.009554351603936327,-95.54351603936327,573261.0962361796,-573261.0962361796,-57804.18736968874
A2,Inflazione persistente,-0.0015081109513211122,-15.081109513211121,90486.65707926673,-90486.65707926673,181993.39718483502
A2,Inflazione persistente,0.0065480858455075844,65.48085845507585,-392885.15073045506,392885.15073045506,181993.39718483502
A2,Inflazione persistente,-0.00472442757157235,-47.244275715723504,283465.654294341,-283465.654294341,181993.39718483502
A1,Disinflazione ordinata,0.003908047004640852,39.08047004640852,-234482.82027845114,234482.82027845114,-57804.18736968874
A2,Inflazione persistente,-0.0025847800784681626,-25.847800784681628,155086.80470808977,-155086.80470808977,181993.39718483502
A2,Inflazione persistente,0.003135129597835941,31.35129597835941,-188107.77587015645,188107.77587015645,181993.39718483502
A1,Disinflazione ordinata,0.008219457566329389,82.19457566329389,-493167.4539797633,493167.4539797633,-57804.18736968874
A1,Disinflazione ordinata,0.0062386539253542735,62.386539253542736,-374319.2355212564,374319.2355212564,-57804.18736968874
A1,Disinflazione ordinata,0.003285378144111965,32.85378144111965,-197122.6886467179,197122.6886467179,-57804.18736968874
A3,Repricing severo,0.007887048639689661,78.87048639689661,-473222.9183813797,473222.9183813797,605230.726541648
A2,Inflazione persistente,-0.0010118164870135992,-10.118164870135992,60708.98922081595,-60708.98922081595,181993.39718483502
A1,Disinflazione ordinata,-0.0058868365446359495,-58.8683654463595,353210.19267815695,-353210.19267815695,-57804.18736968874
A2,Inflazione persistente,9.666550910582316e-05,0.9666550910582316,-5799.930546349389,5799.930546349389,181993.39718483502
A3,Repricing severo,0.021799353581182394,217.99353581182393,-1307961.2148709437,1307961.2148709437,605230.726541648
A1,Disinflazione ordinata,0.0019609033958347495,19.609033958347496,-117654.20375008497,117654.20375008497,-57804.18736968874
A1,Disinflazione ordinata,0.0041417074594676,41.417074594676,-248502.447568056,248502.447568056,-57804.18736968874
A1,Disinflazione ordinata,-0.0029410922436338893,-29.410922436338893,176465.53461803336,-176465.53461803336,-57804.18736968874
A2,Inflazione persistente,-0.004817114116039253,-48.17114116039253,289026.8469623552,-289026.8469623552,181993.39718483502
A2,Inflazione persistente,0.009184294286989626,91.84294286989626,-551057.6572193776,551057.6572193776,181993.39718483502
A3,Repricing severo,-0.0024878683803785558,-24.878683803785556,149272.10282271335,-149272.10282271335,605230.726541648
A2,Inflazione persistente,0.012198885560527877,121.98885560527877,-731933.1336316726,731933.1336316726,181993.39718483502
A1,Disinflazione ordinata,-0.0009961340697275506,-9.961340697275507,59768.04418365304,-59768.04418365304,-57804.18736968874
A1,Disinflazione ordinata,0.002397685177744877,23.976851777448772,-143861.11066469262,143861.11066469262,-57804.18736968874
A2,Inflazione persistente,0.004952792046364539,49.527920463645394,-297167.52278187237,297167.52278187237,181993.39718483502
A2,Inflazione persistente,-0.006302074026439549,-63.020740264395485,378124.4415863729,-378124.4415863729,181993.39718483502
A2,Inflazione persistente,0.005654708716367069,56.54708716367069,-339282.5229820241,339282.5229820241,181993.39718483502
A3,Repricing severo,0.01173456362869225,117.3456362869225,-704073.817721535,704073.817721535,605230.726541648
A1,Disinflazione ordinata,0.00018664724653756062,1.8664724653756062,-11198.834792253638,11198.834792253638,-57804.18736968874
A2,Inflazione persistente,0.00390705369944124,39.0705369944124,-234423.2219664744,234423.2219664744,181993.39718483502
A3,Repricing severo,0.010875586305048784,108.75586305048785,-652535.1783029271,652535.1783029271,605230.726541648
A2,Inflazione persistente,0.006402601587393345,64.02601587393345,-384156.09524360066,384156.09524360066,181993.39718483502
A1,Disinflazione ordinata,-0.0009891140269051978,-9.891140269051979,59346.84161431187,-59346.84161431187,-57804.18736968874
A1,Disinflazione ordinata,-0.00289107509370984,-28.910750937098403,173464.5056225904,-173464.5056225904,-57804.18736968874
A2,Inflazione persistente,0.013670814585777225,136.70814585777225,-820248.8751466335,820248.8751466335,181993.39718483502
A1,Disinflazione ordinata,-0.0018989920681153991,-18.98992068115399,113939.52408692395,-113939.52408692395,-57804.18736968874
A2,Inflazione persistente,0.0029383525842367857,29.383525842367856,-176301.15505420713,176301.15505420713,181993.39718483502
A3,Repricing severo,0.02901287256370015,290.12872563700154,-1740772.3538220092,1740772.3538220092,605230.726541648
A3,Repricing severo,0.01137172121316069,113.7172121316069,-682303.2727896414,682303.2727896414,605230.726541648
A2,Inflazione persistente,0.0032018266381437974,32.018266381437975,-192109.59828862784,192109.59828862784,181993.39718483502
A3,Repricing severo,0.011319678129161324,113.19678129161323,-679180.6877496794,679180.6877496794,605230.726541648
A2,Inflazione persistente,-0.006449350497104738,-64.49350497104739,386961.02982628427,-386961.02982628427,181993.39718483502
A1,Disinflazione ordinata,-0.004575465600563525,-45.75465600563525,274527.9360338115,-274527.9360338115,-57804.18736968874
A2,Inflazione persistente,0.008362418830185599,83.624188301856,-501745.12981113594,501745.12981113594,181993.39718483502
A2,Inflazione persistente,0.011322464356761368,113.22464356761368,-679347.861405682,679347.861405682,181993.39718483502
A2,Inflazione persistente,0.009686479149911794,96.86479149911794,-581188.7489947077,581188.7489947077,181993.39718483502
A1,Disinflazione ordinata,-0.008329242636581753,-83.29242636581753,499754.55819490517,-499754.55819490517,-57804.18736968874
A2,Inflazione persistente,0.003919037835675389,39.1903783567539,-235142.27014052335,235142.27014052335,181993.39718483502
A2,Inflazione persistente,0.005783887309289488,57.83887309289488,-347033.2385573693,347033.2385573693,181993.39718483502
A3,Repricing severo,0.027609776701140704,276.09776701140703,-1656586.6020684422,1656586.6020684422,605230.726541648
A1,Disinflazione ordinata,0.008904095168152527,89.04095168152527,-534245.7100891516,534245.7100891516,-57804.18736968874
A2,Inflazione persistente,0.0033956376653964094,33.95637665396409,-203738.25992378456,203738.25992378456,181993.39718483502
A3,Repricing severo,0.008103650666136662,81.03650666136662,-486219.03996819974,486219.03996819974,605230.726541648
A1,Disinflazione ordinata,0.0010013787028435388,10.013787028435388,-60082.72217061233,60082.72217061233,-57804.18736968874
A2,Inflazione persistente,0.00463337246111861,46.3337246111861,-278002.34766711656,278002.34766711656,181993.39718483502
A3,Repricing severo,0.013529067469819083,135.29067469819083,-811744.048189145,811744.048189145,605230.726541648
A2,Inflazione persistente,0.013606986367906117,136.06986367906117,-816419.182074367,816419.182074367,181993.39718483502
A2,Inflazione persistente,0.004040958601860543,40.40958601860543,-242457.51611163258,242457.51611163258,181993.39718483502
A1,Disinflazione ordinata,-0.005917624908381035,-59.176249083810355,355057.4945028621,-355057.4945028621,-57804.18736968874
A3,Repricing severo,0.019044019410424422,190.44019410424423,-1142641.1646254654,1142641.1646254654,605230.726541648
A1,Disinflazione ordinata,-0.010307620342535156,-103.07620342535157,618457.2205521094,-618457.2205521094,-57804.18736968874
A2,Inflazione persistente,0.0008857645478847773,8.857645478847774,-53145.872873086635,53145.872873086635,181993.39718483502
A1,Disinflazione ordinata,-0.010370185569644568,-103.70185569644568,622211.1341786741,-622211.1341786741,-57804.18736968874
A2,Inflazione persistente,0.0034330818598455317,34.330818598455316,-205984.9115907319,205984.9115907319,181993.39718483502
A2,Inflazione persistente,0.0034085654708651547,34.085654708651546,-204513.9282519093,204513.9282519093,181993.39718483502
A2,Inflazione persistente,-0.004220842495592436,-42.20842495592436,253250.54973554614,-253250.54973554614,181993.39718483502
A1,Disinflazione ordinata,-0.0021222113102123434,-21.222113102123433,127332.67861274061,-127332.67861274061,-57804.18736968874
A2,Inflazione persistente,0.004391886283588461,43.91886283588461,-263513.17701530765,263513.17701530765,181993.39718483502
A2,Inflazione persistente,0.0037289213280224465,37.289213280224466,-223735.2796813468,223735.2796813468,181993.39718483502
A1,Disinflazione ordinata,-0.004960425884362644,-49.60425884362644,297625.55306175863,-297625.55306175863,-57804.18736968874
A1,Disinflazione ordinata,0.002913792980321097,29.13792980321097,-174827.57881926582,174827.57881926582,-57804.18736968874
A1,Disinflazione ordinata,0.0009242726890840878,9.242726890840878,-55456.36134504527,55456.36134504527,-57804.18736968874
A2,Inflazione persistente,0.0054772218936431786,54.772218936431784,-328633.3136185907,328633.3136185907,181993.39718483502
A1,Disinflazione ordinata,-0.0018705732343134408,-18.705732343134407,112234.39405880644,-112234.39405880644,-57804.18736968874
A2,Inflazione persistente,-0.0006148755599599317,-6.148755599599317,36892.5335975959,-36892.5335975959,181993.39718483502
A1,Disinflazione ordinata,-0.006705687337362574,-67.05687337362573,402341.24024175445,-402341.24024175445,-57804.18736968874
A1,Disinflazione ordinata,-0.0036090895682246204,-36.090895682246206,216545.3740934772,-216545.3740934772,-57804.18736968874
A3,Repricing severo,0.007725565980567591,77.2556598056759,-463533.95883405546,463533.95883405546,605230.726541648
A1,Disinflazione ordinata,0.0002926810184467523,2.926810184467523,-17560.86110680514,17560.86110680514,-57804.18736968874
A1,Disinflazione ordinata,0.0009278677769572188,9.278677769572187,-55672.06661743313,55672.06661743313,-57804.18736968874
A2,Inflazione persistente,0.007252577459674213,72.52577459674214,-435154.6475804528,435154.6475804528,181993.39718483502
A3,Repricing severo,0.012786890997298442,127.86890997298443,-767213.4598379065,767213.4598379065,605230.726541648
A1,Disinflazione ordinata,-0.0011972945817266887,-11.972945817266888,71837.67490360132,-71837.67490360132,-57804.18736968874
A3,Repricing severo,0.016332433019392127,163.32433019392127,-979945.9811635276,979945.9811635276,605230.726541648
A2,Inflazione persistente,0.00880233564945984,88.0233564945984,-528140.1389675904,528140.1389675904,181993.39718483502
A3,Repricing severo,0.013046037081280513,130.46037081280514,-782762.2248768308,782762.2248768308,605230.726541648
A3,Repricing severo,0.015314056777055437,153.14056777055436,-918843.4066233262,918843.4066233262,605230.726541648
A2,Inflazione persistente,0.010688062778883796,106.88062778883796,-641283.7667330278,641283.7667330278,181993.39718483502
A1,Disinflazione ordinata,0.0024669929079873454,24.669929079873455,-148019.57447924072,148019.57447924072,-57804.18736968874
A3,Repricing severo,-0.001472925345739522,-14.72925345739522,88375.52074437132,-88375.52074437132,605230.726541648
A2,Inflazione persistente,0.0002961356228530646,2.961356228530646,-17768.137371183875,17768.137371183875,181993.39718483502
A1,Disinflazione ordinata,0.00595638162505406,59.5638162505406,-357382.8975032436,357382.8975032436,-57804.18736968874
A3,Repricing severo,-0.0003791548872169592,-3.7915488721695922,22749.293233017554,-22749.293233017554,605230.726541648
A1,Disinflazione ordinata,-0.010781127100219338,-107.81127100219338,646867.6260131602,-646867.6260131602,-57804.18736968874
A1,Disinflazione ordinata,0.00016696675570563972,1.6696675570563972,-10018.005342338383,10018.005342338383,-57804.18736968874
A2,Inflazione persistente,-0.009892164153611781,-98.92164153611782,593529.8492167069,-593529.8492167069,181993.39718483502
A2,Inflazione persistente,0.0028588607647927716,28.588607647927716,-171531.6458875663,171531.6458875663,181993.39718483502
A1,Disinflazione ordinata,0.004623215231441014,46.232152314410136,-277392.9138864608,277392.9138864608,-57804.18736968874
A2,Inflazione persistente,0.003520869679394359,35.208696793943595,-211252.18076366154,211252.18076366154,181993.39718483502
A2,Inflazione persistente,-0.004618647368012505,-46.18647368012505,277118.8420807503,-277118.8420807503,181993.39718483502
A2,Inflazione persistente,0.0015919539542783676,15.919539542783676,-95517.23725670205,95517.23725670205,181993.39718483502
A2,Inflazione persistente,0.01053852264812042,105.3852264812042,-632311.3588872252,632311.3588872252,181993.39718483502
A2,Inflazione persistente,-0.004964284632100509,-49.642846321005095,297857.07792603056,-297857.07792603056,181993.39718483502
A1,Disinflazione ordinata,0.004190589382075808,41.90589382075808,-251435.3629245485,251435.3629245485,-57804.18736968874
A3,Repricing severo,0.020075812089059033,200.75812089059033,-1204548.725343542,1204548.725343542,605230.726541648
A2,Inflazione persistente,-0.007684823093308666,-76.84823093308665,461089.38559851993,-461089.38559851993,181993.39718483502
A2,Inflazione persistente,-0.0021893646191025002,-21.893646191025002,131361.87714615001,-131361.87714615001,181993.39718483502
A2,Inflazione persistente,0.016330809532277814,163.30809532277814,-979848.5719366688,979848.5719366688,181993.39718483502
A3,Repricing severo,0.012081479709441081,120.81479709441082,-724888.7825664649,724888.7825664649,605230.726541648
A2,Inflazione persistente,0.002736173449579948,27.36173449579948,-164170.40697479688,164170.40697479688,181993.39718483502
A2,Inflazione persistente,0.007588332572311896,75.88332572311896,-455299.9543387138,455299.9543387138,181993.39718483502
A2,Inflazione persistente,-0.001733347333361876,-17.33347333361876,104000.84000171255,-104000.84000171255,181993.39718483502
A1,Disinflazione ordinata,0.0005554271269814217,5.554271269814217,-33325.6276188853,33325.6276188853,-57804.18736968874
A2,Inflazione persistente,0.004462254770973334,44.62254770973335,-267735.28625840007,267735.28625840007,181993.39718483502
A2,Inflazione persistente,-0.0020318532089693463,-20.318532089693463,121911.19253816077,-121911.19253816077,181993.39718483502
A2,Inflazione persistente,0.007494394471017196,74.94394471017196,-449663.6682610318,449663.6682610318,181993.39718483502
A3,Repricing severo,0.012229805719295004,122.29805719295004,-733788.3431577003,733788.3431577003,605230.726541648
A1,Disinflazione ordinata,-0.0035285976523293616,-35.28597652329361,211715.85913976168,-211715.85913976168,-57804.18736968874
A3,Repricing severo,0.004607250497703725,46.07250497703725,-276435.0298622235,276435.0298622235,605230.726541648
A3,Repricing severo,0.001565267742639171,15.65267742639171,-93916.06455835026,93916.06455835026,605230.726541648
A3,Repricing severo,0.0060096627713109516,60.09662771310951,-360579.7662786571,360579.7662786571,605230.726541648
A2,Inflazione persistente,0.00417094359924275,41.7094359924275,-250256.615954565,250256.615954565,181993.39718483502
A1,Disinflazione ordinata,0.001875358450742214,18.75358450742214,-112521.50704453285,112521.50704453285,-57804.18736968874
A2,Inflazione persistente,-0.008688752889075228,-86.88752889075228,521325.17334451363,-521325.17334451363,181993.39718483502
A1,Disinflazione ordinata,0.003819928394953609,38.19928394953609,-229195.70369721655,229195.70369721655,-57804.18736968874
A2,Inflazione persistente,0.0028267275844573113,28.267275844573113,-169603.65506743867,169603.65506743867,181993.39718483502
A1,Disinflazione ordinata,-0.009759446634603614,-97.59446634603614,585566.7980762168,-585566.7980762168,-57804.18736968874
A2,Inflazione persistente,0.00964971174372474,96.4971174372474,-578982.7046234844,578982.7046234844,181993.39718483502
A2,Inflazione persistente,0.007579431192730052,75.79431192730051,-454765.8715638031,454765.8715638031,181993.39718483502
A2,Inflazione persistente,0.007358213303996126,73.58213303996126,-441492.79823976755,441492.79823976755,181993.39718483502
A3,Repricing severo,0.007629051650636686,76.29051650636687,-457743.0990382012,457743.0990382012,605230.726541648
A2,Inflazione persistente,0.010054295495272241,100.54295495272241,-603257.7297163345,603257.7297163345,181993.39718483502
A1,Disinflazione ordinata,-0.0026012151353640486,-26.012151353640487,156072.90812184292,-156072.90812184292,-57804.18736968874
A3,Repricing severo,0.004469209820300318,44.692098203003184,-268152.5892180191,268152.5892180191,605230.726541648
A1,Disinflazione ordinata,0.005248238435662623,52.48238435662623,-314894.3061397574,314894.3061397574,-57804.18736968874
A1,Disinflazione ordinata,0.0009268214042828251,9.268214042828252,-55609.284256969506,55609.284256969506,-57804.18736968874
A2,Inflazione persistente,0.008061706124709687,80.61706124709687,-483702.36748258123,483702.36748258123,181993.39718483502
A1,Disinflazione ordinata,0.00043069573436830297,4.306957343683029,-25841.74406209818,25841.74406209818,-57804.18736968874
A2,Inflazione persistente,0.0066214121691137605,66.2141216911376,-397284.7301468256,397284.7301468256,181993.39718483502
A2,Inflazione persistente,-0.0015194071896940803,-15.194071896940804,91164.43138164481,-91164.43138164481,181993.39718483502
A2,Inflazione persistente,0.006664340699999218,66.64340699999218,-399860.44199995307,399860.44199995307,181993.39718483502
A1,Disinflazione ordinata,-0.0010814251408559378,-10.814251408559379,64885.50845135627,-64885.50845135627,-57804.18736968874
A1,Disinflazione ordinata,-0.0023804822709328354,-23.804822709328352,142828.93625597013,-142828.93625597013,-57804.18736968874
A3,Repricing severo,0.010084157714741394,100.84157714741394,-605049.4628844836,605049.4628844836,605230.726541648
A3,Repricing severo,0.0007941905121947018,7.941905121947017,-47651.43073168211,47651.43073168211,605230.726541648
A2,Inflazione persistente,0.0021371820127668744,21.371820127668745,-128230.92076601247,128230.92076601247,181993.39718483502
A1,Disinflazione ordinata,-0.005304161054708276,-53.04161054708276,318249.66328249656,-318249.66328249656,-57804.18736968874
A1,Disinflazione ordinata,-0.004900663105298991,-49.00663105298991,294039.78631793946,-294039.78631793946,-57804.18736968874
A1,Disinflazione ordinata,0.00949963890919429,94.9963890919429,-569978.3345516574,569978.3345516574,-57804.18736968874
A1,Disinflazione ordinata,0.00468720032159275,46.8720032159275,-281232.01929556497,281232.01929556497,-57804.18736968874
A2,Inflazione persistente,0.003807521493085026,38.07521493085026,-228451.28958510156,228451.28958510156,181993.39718483502
A1,Disinflazione ordinata,-0.00737987534724076,-73.7987534724076,442792.5208344456,-442792.5208344456,-57804.18736968874
A1,Disinflazione ordinata,-0.005466270662131952,-54.66270662131952,327976.2397279171,-327976.2397279171,-57804.18736968874
A2,Inflazione persistente,-0.005532300616098805,-55.32300616098805,331938.03696592833,-331938.03696592833,181993.39718483502
A2,Inflazione persistente,0.011156709104393942,111.56709104393943,-669402.5462636366,669402.5462636366,181993.39718483502
A3,Repricing severo,0.03941434347614318,394.14343476143176,-2364860.6085685906,2364860.6085685906,605230.726541648
A3,Repricing severo,0.0033011039878669077,33.01103987866908,-198066.23927201447,198066.23927201447,605230.726541648
A2,Inflazione persistente,-0.0036407002227463884,-36.407002227463884,218442.0133647833,-218442.0133647833,181993.39718483502
A2,Inflazione persistente,-0.002875703541995763,-28.757035419957628,172542.21251974578,-172542.21251974578,181993.39718483502
A1,Disinflazione ordinata,0.003089361425005332,30.893614250053318,-185361.6855003199,185361.6855003199,-57804.18736968874
A1,Disinflazione ordinata,0.0026827773924581583,26.82777392458158,-160966.6435474895,160966.6435474895,-57804.18736968874
A2,Inflazione persistente,0.004797307131357208,47.97307131357208,-287838.42788143246,287838.42788143246,181993.39718483502
A1,Disinflazione ordinata,0.0016724303198679094,16.724303198679095,-100345.81919207456,100345.81919207456,-57804.18736968874
A3,Repricing severo,0.012109404708671345,121.09404708671345,-726564.2825202807,726564.2825202807,605230.726541648
A1,Disinflazione ordinata,-0.002233844132815103,-22.33844132815103,134030.64796890618,-134030.64796890618,-57804.18736968874
A2,Inflazione persistente,0.004988262955971342,49.88262955971342,-299295.77735828055,299295.77735828055,181993.39718483502
A1,Disinflazione ordinata,-0.0042917848100912275,-42.91784810091227,257507.08860547366,-257507.08860547366,-57804.18736968874
A2,Inflazione persistente,0.007366402403258968,73.66402403258968,-441984.1441955381,441984.1441955381,181993.39718483502
A1,Disinflazione ordinata,0.002066317197131507,20.66317197131507,-123979.03182789043,123979.03182789043,-57804.18736968874
A2,Inflazione persistente,-0.0003597771869629984,-3.597771869629984,21586.631217779905,-21586.631217779905,181993.39718483502
A3,Repricing severo,0.004177774218500805,41.777742185008044,-250666.4531100483,250666.4531100483,605230.726541648
A1,Disinflazione ordinata,-0.003038939832548094,-30.38939832548094,182336.38995288563,-182336.38995288563,-57804.18736968874
A1,Disinflazione ordinata,-0.009623380263691254,-96.23380263691254,577402.8158214752,-577402.8158214752,-57804.18736968874
A1,Disinflazione ordinata,-0.00048356708556108964,-4.835670855610896,29014.02513366538,-29014.02513366538,-57804.18736968874
A1,Disinflazione ordinata,-0.004486778906168628,-44.86778906168628,269206.7343701177,-269206.7343701177,-57804.18736968874
A1,Disinflazione ordinata,-0.0031303921479959454,-31.303921479959456,187823.52887975672,-187823.52887975672,-57804.18736968874
A3,Repricing severo,0.010618679046330966,106.18679046330966,-637120.742779858,637120.742779858,605230.726541648
A2,Inflazione persistente,0.007511383255451801,75.11383255451801,-450682.9953271081,450682.9953271081,181993.39718483502
A2,Inflazione persistente,-0.0014056371446503936,-14.056371446503936,84338.22867902361,-84338.22867902361,181993.39718483502
A1,Disinflazione ordinata,-0.0013435797389725064,-13.435797389725064,80614.78433835038,-80614.78433835038,-57804.18736968874
A1,Disinflazione ordinata,-0.005330235872864115,-53.30235872864115,319814.1523718469,-319814.1523718469,-57804.18736968874
A2,Inflazione persistente,0.009741860834613253,97.41860834613253,-584511.6500767953,584511.6500767953,181993.39718483502
A2,Inflazione persistente,0.005354791686568069,53.54791686568069,-321287.5011940841,321287.5011940841,181993.39718483502
A2,Inflazione persistente,-0.005991657932506584,-59.91657932506584,359499.47595039505,-359499.47595039505,181993.39718483502
A2,Inflazione persistente,0.00023509055808880247,2.350905580888025,-14105.433485328149,14105.433485328149,181993.39718483502
A1,Disinflazione ordinata,-0.0017938475509493958,-17.93847550949396,107630.85305696375,-107630.85305696375,-57804.18736968874
A3,Repricing severo,0.013418622669501357,134.18622669501357,-805117.3601700814,805117.3601700814,605230.726541648
A2,Inflazione persistente,-0.0030397456281366702,-30.3974562813667,182384.73768820023,-182384.73768820023,181993.39718483502
A2,Inflazione persistente,0.004996965032766405,49.96965032766405,-299817.9019659843,299817.9019659843,181993.39718483502
A2,Inflazione persistente,-0.005272699025411407,-52.72699025411407,316361.94152468443,-316361.94152468443,181993.39718483502
A1,Disinflazione ordinata,-0.002913720033292608,-29.13720033292608,174823.2019975565,-174823.2019975565,-57804.18736968874
A3,Repricing severo,0.018159065929703695,181.59065929703695,-1089543.9557822216,1089543.9557822216,605230.726541648
A2,Inflazione persistente,0.0023869302986970686,23.869302986970688,-143215.8179218241,143215.8179218241,181993.39718483502
A2,Inflazione persistente,-0.001391750512232095,-13.91750512232095,83505.0307339257,-83505.0307339257,181993.39718483502
A2,Inflazione persistente,0.00244123361202952,24.4123361202952,-146474.01672177122,146474.01672177122,181993.39718483502
A1,Disinflazione ordinata,0.00014893712866298416,1.4893712866298416,-8936.22771977905,8936.22771977905,-57804.18736968874
A2,Inflazione persistente,0.0012818389130250447,12.818389130250447,-76910.33478150268,76910.33478150268,181993.39718483502
A1,Disinflazione ordinata,0.008062155564862217,80.62155564862218,-483729.333891733,483729.333891733,-57804.18736968874
A2,Inflazione persistente,-0.0015416801717154163,-15.416801717154163,92500.81030292498,-92500.81030292498,181993.39718483502
A3,Repricing severo,0.005430440173861987,54.30440173861987,-325826.4104317192,325826.4104317192,605230.726541648
A2,Inflazione persistente,0.012712963750317094,127.12963750317094,-762777.8250190256,762777.8250190256,181993.39718483502
A1,Disinflazione ordinata,0.00179033257828317,17.9033257828317,-107419.9546969902,107419.9546969902,-57804.18736968874
A2,Inflazione persistente,-0.005785647598817737,-57.85647598817737,347138.8559290642,-347138.8559290642,181993.39718483502
A3,Repricing severo,0.00576147766413769,57.6147766413769,-345688.6598482614,345688.6598482614,605230.726541648
A2,Inflazione persistente,0.0032066451245632926,32.066451245632926,-192398.70747379755,192398.70747379755,181993.39718483502
A2,Inflazione persistente,0.011372552409223372,113.72552409223371,-682353.1445534023,682353.1445534023,181993.39718483502
A1,Disinflazione ordinata,-0.0008885063593769108,-8.885063593769107,53310.381562614646,-53310.381562614646,-57804.18736968874
A1,Disinflazione ordinata,0.0052777799636857785,52.777799636857786,-316666.7978211467,316666.7978211467,-57804.18736968874
A1,Disinflazione ordinata,0.00597395459665292,59.7395459665292,-358437.2757991752,358437.2757991752,-57804.18736968874
A2,Inflazione persistente,0.0007259043030367301,7.259043030367302,-43554.258182203805,43554.258182203805,181993.39718483502
A2,Inflazione persistente,0.006066041593007079,60.66041593007078,-363962.49558042473,363962.49558042473,181993.39718483502
A3,Repricing severo,0.010789444905840375,107.89444905840375,-647366.6943504225,647366.6943504225,605230.726541648
A2,Inflazione persistente,0.006785158519349695,67.85158519349694,-407109.51116098167,407109.51116098167,181993.39718483502
A2,Inflazione persistente,0.0027437957956459222,27.437957956459222,-164627.74773875534,164627.74773875534,181993.39718483502
A1,Disinflazione ordinata,4.981623071307912e-05,0.4981623071307912,-2988.9738427847474,2988.9738427847474,-57804.18736968874
A1,Disinflazione ordinata,0.0019193678636886054,19.193678636886055,-115162.07182131632,115162.07182131632,-57804.18736968874
A2,Inflazione persistente,0.005822133946482378,58.22133946482378,-349328.0367889427,349328.0367889427,181993.39718483502
A2,Inflazione persistente,0.010295148856765825,102.95148856765826,-617708.9314059495,617708.9314059495,181993.39718483502
A2,Inflazione persistente,0.016513107015450817,165.13107015450817,-990786.420927049,990786.420927049,181993.39718483502
A2,Inflazione persistente,0.00837217182151352,83.7217182151352,-502330.3092908112,502330.3092908112,181993.39718483502
A2,Inflazione persistente,0.0017382180725722153,17.382180725722154,-104293.08435433292,104293.08435433292,181993.39718483502
A3,Repricing severo,0.030367076535397428,303.6707653539743,-1822024.5921238456,1822024.5921238456,605230.726541648
A2,Inflazione persistente,0.007551304607731932,75.51304607731932,-453078.2764639159,453078.2764639159,181993.39718483502
A2,Inflazione persistente,0.006472645298206632,64.72645298206632,-388358.71789239795,388358.71789239795,181993.39718483502
A3,Repricing severo,0.021776430646747905,217.76430646747906,-1306585.8388048743,1306585.8388048743,605230.726541648
A1,Disinflazione ordinata,0.00793034775909842,79.3034775909842,-475820.8655459052,475820.8655459052,-57804.18736968874
A2,Inflazione persistente,-0.0006688454426086511,-6.68845442608651,40130.72655651906,-40130.72655651906,181993.39718483502
A1,Disinflazione ordinata,0.00044079138524563406,4.407913852456341,-26447.483114738043,26447.483114738043,-57804.18736968874
A2,Inflazione persistente,-0.0002944814901400289,-2.944814901400289,17668.889408401734,-17668.889408401734,181993.39718483502
A2,Inflazione persistente,-0.00801543866952395,-80.1543866952395,480926.320171437,-480926.320171437,181993.39718483502
A3,Repricing severo,0.031296795759465354,312.9679575946535,-1877807.7455679213,1877807.7455679213,605230.726541648
A2,Inflazione persistente,-0.001139115516163863,-11.391155161638629,68346.93096983178,-68346.93096983178,181993.39718483502
A2,Inflazione persistente,-0.006126756818261469,-61.26756818261469,367605.40909568814,-367605.40909568814,181993.39718483502
A1,Disinflazione ordinata,0.0014863067434528702,14.863067434528702,-89178.40460717221,89178.40460717221,-57804.18736968874
A2,Inflazione persistente,0.0006937418047068349,6.937418047068349,-41624.5082824101,41624.5082824101,181993.39718483502
A2,Inflazione persistente,-0.0026942503096386086,-26.942503096386087,161655.01857831652,-161655.01857831652,181993.39718483502
A1,Disinflazione ordinata,0.002435820061414414,24.35820061414414,-146149.20368486483,146149.20368486483,-57804.18736968874
A3,Repricing severo,0.0203334293244557,203.334293244557,-1220005.759467342,1220005.759467342,605230.726541648
A1,Disinflazione ordinata,-0.0014318674279455881,-14.31867427945588,85912.04567673529,-85912.04567673529,-57804.18736968874
A2,Inflazione persistente,0.0026864169758092885,26.864169758092885,-161185.0185485573,161185.0185485573,181993.39718483502
A2,Inflazione persistente,0.007711444529309827,77.11444529309827,-462686.6717585896,462686.6717585896,181993.39718483502
A1,Disinflazione ordinata,0.003398025492976308,33.98025492976308,-203881.52957857848,203881.52957857848,-57804.18736968874
A2,Inflazione persistente,0.000847400914048905,8.47400914048905,-50844.0548429343,50844.0548429343,181993.39718483502
A1,Disinflazione ordinata,-0.004278217935771147,-42.78217935771147,256693.07614626884,-256693.07614626884,-57804.18736968874
A3,Repricing severo,0.019789890073495645,197.89890073495644,-1187393.4044097387,1187393.4044097387,605230.726541648
A1,Disinflazione ordinata,0.0003069193909705245,3.069193909705245,-18415.163458231473,18415.163458231473,-57804.18736968874
A2,Inflazione persistente,0.004998907346106456,49.989073461064564,-299934.4407663874,299934.4407663874,181993.39718483502
A3,Repricing severo,0.008623328004515662,86.23328004515662,-517399.6802709397,517399.6802709397,605230.726541648
A2,Inflazione persistente,0.004989000429128537,49.89000429128537,-299340.02574771224,299340.02574771224,181993.39718483502
A1,Disinflazione ordinata,-0.004829755467362588,-48.297554673625875,289785.32804175525,-289785.32804175525,-57804.18736968874
A2,Inflazione persistente,0.014587077708570404,145.87077708570405,-875224.6625142243,875224.6625142243,181993.39718483502
A2,Inflazione persistente,0.004587480107779194,45.87480107779194,-275248.8064667517,275248.8064667517,181993.39718483502
A2,Inflazione persistente,0.005187071964958594,51.870719649585936,-311224.3178975156,311224.3178975156,181993.39718483502
A3,Repricing severo,0.0032663855580095866,32.66385558009586,-195983.1334805752,195983.1334805752,605230.726541648
A1,Disinflazione ordinata,-0.0017776833714819263,-17.776833714819265,106661.00228891558,-106661.00228891558,-57804.18736968874
A1,Disinflazione ordinata,-0.0002817353722553898,-2.817353722553898,16904.122335323387,-16904.122335323387,-57804.18736968874
A2,Inflazione persistente,0.008402828687148913,84.02828687148913,-504169.7212289348,504169.7212289348,181993.39718483502
A2,Inflazione persistente,0.0007595797306746374,7.595797306746373,-45574.783840478245,45574.783840478245,181993.39718483502
A3,Repricing severo,0.0009101658905187951,9.101658905187952,-54609.95343112771,54609.95343112771,605230.726541648
A1,Disinflazione ordinata,0.00267898688462348,26.7898688462348,-160739.2130774088,160739.2130774088,-57804.18736968874
A1,Disinflazione ordinata,0.00042939871784317303,4.29398717843173,-25763.923070590383,25763.923070590383,-57804.18736968874
A2,Inflazione persistente,-3.3748401051815567e-05,-0.3374840105181557,2024.904063108934,-2024.904063108934,181993.39718483502
A2,Inflazione persistente,0.0029397592831373323,29.397592831373323,-176385.55698823993,176385.55698823993,181993.39718483502
A1,Disinflazione ordinata,0.0034045050106017265,34.045050106017264,-204270.30063610358,204270.30063610358,-57804.18736968874
A3,Repricing severo,-0.0026206907329800935,-26.206907329800934,157241.44397880562,-157241.44397880562,605230.726541648
A1,Disinflazione ordinata,-0.003237868021050701,-32.378680210507014,194272.08126304208,-194272.08126304208,-57804.18736968874
A2,Inflazione persistente,0.015893789068413777,158.93789068413776,-953627.3441048266,953627.3441048266,181993.39718483502
A2,Inflazione persistente,0.0015375401240449499,15.375401240449499,-92252.40744269699,92252.40744269699,181993.39718483502
A3,Repricing severo,0.010444432293014437,104.44432293014438,-626665.9375808663,626665.9375808663,605230.726541648
A2,Inflazione persistente,0.012177712773342203,121.77712773342203,-730662.7664005322,730662.7664005322,181993.39718483502
A1,Disinflazione ordinata,-0.0033112067780706527,-33.112067780706525,198672.40668423916,-198672.40668423916,-57804.18736968874
A3,Repricing severo,0.028338481638615298,283.384816386153,-1700308.898316918,1700308.898316918,605230.726541648
A2,Inflazione persistente,0.003058323139678574,30.58323139678574,-183499.38838071446,183499.38838071446,181993.39718483502
A1,Disinflazione ordinata,-0.001564904303244821,-15.64904303244821,93894.25819468926,-93894.25819468926,-57804.18736968874
A1,Disinflazione ordinata,-0.006772062965030903,-67.72062965030904,406323.7779018542,-406323.7779018542,-57804.18736968874
A2,Inflazione persistente,-0.008034098853277879,-80.3409885327788,482045.9311966727,-482045.9311966727,181993.39718483502
A1,Disinflazione ordinata,0.00024939798356169796,2.4939798356169796,-14963.879013701877,14963.879013701877,-57804.18736968874
A1,Disinflazione ordinata,0.006037589674469659,60.37589674469659,-362255.38046817953,362255.38046817953,-57804.18736968874
A2,Inflazione persistente,0.01677776941925722,167.7776941925722,-1006666.1651554332,1006666.1651554332,181993.39718483502
A2,Inflazione persistente,0.00392775958454816,39.2775958454816,-235665.57507288962,235665.57507288962,181993.39718483502
A2,Inflazione persistente,-0.0021137234467335083,-21.137234467335084,126823.4068040105,-126823.4068040105,181993.39718483502
A1,Disinflazione ordinata,-0.0020743282519426515,-20.743282519426515,124459.69511655909,-124459.69511655909,-57804.18736968874
A1,Disinflazione ordinata,0.008931686976208126,89.31686976208125,-535901.2185724876,535901.2185724876,-57804.18736968874
A2,Inflazione persistente,0.006578205364540802,65.78205364540803,-394692.32187244814,394692.32187244814,181993.39718483502
A2,Inflazione persistente,0.009828137618561047,98.28137618561047,-589688.2571136628,589688.2571136628,181993.39718483502
A2,Inflazione persistente,0.00931815407490369,93.1815407490369,-559089.2444942214,559089.2444942214,181993.39718483502
A1,Disinflazione ordinata,0.0014348492053693866,14.348492053693866,-86090.9523221632,86090.9523221632,-57804.18736968874
A1,Disinflazione ordinata,-0.0033998740778021096,-33.998740778021094,203992.44466812658,-203992.44466812658,-57804.18736968874
A1,Disinflazione ordinata,0.006511170296990891,65.11170296990892,-390670.21781945345,390670.21781945345,-57804.18736968874
A2,Inflazione persistente,0.00188588882449857,18.8588882449857,-113153.3294699142,113153.3294699142,181993.39718483502
A1,Disinflazione ordinata,0.0022904987892424476,22.904987892424476,-137429.92735454685,137429.92735454685,-57804.18736968874
A1,Disinflazione ordinata,0.0028572874058297925,28.572874058297927,-171437.24434978756,171437.24434978756,-57804.18736968874
A3,Repricing severo,0.014973425528221212,149.73425528221213,-898405.5316932728,898405.5316932728,605230.726541648
A2,Inflazione persistente,0.0038828750699912203,38.828750699912206,-232972.50419947322,232972.50419947322,181993.39718483502
A3,Repricing severo,0.016121592951912823,161.21592951912822,-967295.5771147694,967295.5771147694,605230.726541648
A2,Inflazione persistente,0.013688115014565846,136.88115014565847,-821286.9008739508,821286.9008739508,181993.39718483502
A2,Inflazione persistente,-0.002994212643125463,-29.942126431254632,179652.7585875278,-179652.7585875278,181993.39718483502
A2,Inflazione persistente,-0.00013150517297161714,-1.3150517297161715,7890.310378297028,-7890.310378297028,181993.39718483502
A2,Inflazione persistente,0.010238160589925792,102.38160589925792,-614289.6353955475,614289.6353955475,181993.39718483502
A2,Inflazione persistente,0.011644115832873336,116.44115832873337,-698646.9499724002,698646.9499724002,181993.39718483502
A2,Inflazione persistente,0.0035314922470408325,35.31492247040833,-211889.53482244996,211889.53482244996,181993.39718483502
A3,Repricing severo,0.013882347955541916,138.82347955541917,-832940.877332515,832940.877332515,605230.726541648
A2,Inflazione persistente,0.007278666075332398,72.78666075332399,-436719.96451994387,436719.96451994387,181993.39718483502
A2,Inflazione persistente,0.0022858333073328663,22.858333073328662,-137149.99843997197,137149.99843997197,181993.39718483502
A2,Inflazione persistente,0.004962745537221134,49.627455372211344,-297764.73223326803,297764.73223326803,181993.39718483502
A1,Disinflazione ordinata,-0.003208417492948342,-32.084174929483424,192505.04957690052,-192505.04957690052,-57804.18736968874
A1,Disinflazione ordinata,-0.004708281052525859,-47.08281052525859,282496.8631515515,-282496.8631515515,-57804.18736968874
A2,Inflazione persistente,0.0056991678484227615,56.99167848422761,-341950.0709053657,341950.0709053657,181993.39718483502
A3,Repricing severo,0.009674095701529517,96.74095701529518,-580445.7420917711,580445.7420917711,605230.726541648
A2,Inflazione persistente,0.0009707316409149117,9.707316409149117,-58243.898454894705,58243.898454894705,181993.39718483502
A3,Repricing severo,0.011695630778449918,116.95630778449917,-701737.846706995,701737.846706995,605230.726541648
A2,Inflazione persistente,0.0016454894076792757,16.45489407679276,-98729.36446075655,98729.36446075655,181993.39718483502
A3,Repricing severo,0.015258627125653755,152.58627125653754,-915517.6275392253,915517.6275392253,605230.726541648
A2,Inflazione persistente,0.0014453261075579053,14.453261075579054,-86719.56645347433,86719.56645347433,181993.39718483502
A3,Repricing severo,0.007726805642808492,77.26805642808492,-463608.3385685095,463608.3385685095,605230.726541648
A3,Repricing severo,0.03175075412878148,317.5075412878148,-1905045.2477268886,1905045.2477268886,605230.726541648
A2,Inflazione persistente,0.010627169465379949,106.27169465379949,-637630.1679227969,637630.1679227969,181993.39718483502
A2,Inflazione persistente,0.006131077962632537,61.31077962632536,-367864.6777579522,367864.6777579522,181993.39718483502
A2,Inflazione persistente,-0.0004251128915222927,-4.251128915222927,25506.77349133756,-25506.77349133756,181993.39718483502
A3,Repricing severo,-0.0016992220894529193,-16.992220894529193,101953.32536717516,-101953.32536717516,605230.726541648
A2,Inflazione persistente,-0.002368442113279988,-23.68442113279988,142106.52679679927,-142106.52679679927,181993.39718483502
A2,Inflazione persistente,-0.006902580865327823,-69.02580865327823,414154.85191966937,-414154.85191966937,181993.39718483502
A1,Disinflazione ordinata,-0.006128164760330868,-61.28164760330868,367689.88561985205,-367689.88561985205,-57804.18736968874
A2,Inflazione persistente,0.012847907933560252,128.47907933560253,-770874.4760136151,770874.4760136151,181993.39718483502
A1,Disinflazione ordinata,-0.002958922673094744,-29.58922673094744,177535.36038568465,-177535.36038568465,-57804.18736968874
A2,Inflazione persistente,-0.0025122402442293726,-25.122402442293726,150734.41465376236,-150734.41465376236,181993.39718483502
A1,Disinflazione ordinata,-0.0027547204093659843,-27.547204093659843,165283.22456195907,-165283.22456195907,-57804.18736968874
A2,Inflazione persistente,0.003197732335315072,31.977323353150723,-191863.94011890434,191863.94011890434,181993.39718483502
A2,Inflazione persistente,0.007968617462474716,79.68617462474715,-478117.04774848296,478117.04774848296,181993.39718483502
A3,Repricing severo,0.017542960667976386,175.42960667976385,-1052577.640078583,1052577.640078583,605230.726541648
A3,Repricing severo,0.015384911569082477,153.84911569082476,-923094.6941449486,923094.6941449486,605230.726541648
A1,Disinflazione ordinata,-0.008258086589091908,-82.58086589091909,495485.1953455145,-495485.1953455145,-57804.18736968874
A3,Repricing severo,0.0060359558978065565,60.359558978065564,-362157.3538683934,362157.3538683934,605230.726541648
A2,Inflazione persistente,-0.0016013519865512096,-16.013519865512098,96081.11919307258,-96081.11919307258,181993.39718483502
A1,Disinflazione ordinata,0.0013445458723866668,13.445458723866668,-80672.7523432,80672.7523432,-57804.18736968874
A2,Inflazione persistente,-0.006370217615178016,-63.702176151780165,382213.05691068096,-382213.05691068096,181993.39718483502
A3,Repricing severo,-0.0009469114093305538,-9.469114093305537,56814.68455983322,-56814.68455983322,605230.726541648
A1,Disinflazione ordinata,-0.0031825060858083685,-31.825060858083685,190950.3651485021,-190950.3651485021,-57804.18736968874
A2,Inflazione persistente,0.004604290995953744,46.04290995953745,-276257.45975722466,276257.45975722466,181993.39718483502
A1,Disinflazione ordinata,-0.001920373124635437,-19.20373124635437,115222.38747812621,-115222.38747812621,-57804.18736968874
A2,Inflazione persistente,0.014160851279195173,141.60851279195174,-849651.0767517104,849651.0767517104,181993.39718483502
A2,Inflazione persistente,0.0062327894365998586,62.32789436599859,-373967.3661959915,373967.3661959915,181993.39718483502
A2,Inflazione persistente,0.009033706672754167,90.33706672754167,-542022.4003652501,542022.4003652501,181993.39718483502
